{
  "IDM_ManageIdentityType-api/identitytype/find" : {
    "transaction" : "IDM_ManageIdentityType-api/identitytype/find",
    "sampleCount" : 6,
    "errorCount" : 0,
    "errorPct" : 0.0,
    "meanResTime" : 402.66666666666663,
    "medianResTime" : 405.5,
    "minResTime" : 334.0,
    "maxResTime" : 472.0,
    "pct1ResTime" : 472.0,
    "pct2ResTime" : 472.0,
    "pct3ResTime" : 472.0,
    "throughput" : 0.011365767445032307,
    "receivedKBytesPerSec" : 0.018935546153540154,
    "sentKBytesPerSec" : 0.012830885904743504
  },
  "login_Inbox-api/country/find" : {
    "transaction" : "login_Inbox-api/country/find",
    "sampleCount" : 6,
    "errorCount" : 0,
    "errorPct" : 0.0,
    "meanResTime" : 489.8333333333333,
    "medianResTime" : 343.5,
    "minResTime" : 330.0,
    "maxResTime" : 1173.0,
    "pct1ResTime" : 1173.0,
    "pct2ResTime" : 1173.0,
    "pct3ResTime" : 1173.0,
    "throughput" : 0.011312686423645024,
    "receivedKBytesPerSec" : 0.008053660549645724,
    "sentKBytesPerSec" : 0.014306571209590141
  },
  "PolicyEngine_ManageRuleType-api/ruletype/find" : {
    "transaction" : "PolicyEngine_ManageRuleType-api/ruletype/find",
    "sampleCount" : 5,
    "errorCount" : 0,
    "errorPct" : 0.0,
    "meanResTime" : 389.2,
    "medianResTime" : 405.0,
    "minResTime" : 333.0,
    "maxResTime" : 430.0,
    "pct1ResTime" : 430.0,
    "pct2ResTime" : 430.0,
    "pct3ResTime" : 430.0,
    "throughput" : 0.011757513050839486,
    "receivedKBytesPerSec" : 0.015466181718242957,
    "sentKBytesPerSec" : 0.013227202182194423
  },
  "Access_ManageAccessType-api/accesstype/find" : {
    "transaction" : "Access_ManageAccessType-api/accesstype/find",
    "sampleCount" : 6,
    "errorCount" : 0,
    "errorPct" : 0.0,
    "meanResTime" : 1025.8333333333335,
    "medianResTime" : 403.5,
    "minResTime" : 330.0,
    "maxResTime" : 4219.0,
    "pct1ResTime" : 4219.0,
    "pct2ResTime" : 4219.0,
    "pct3ResTime" : 4219.0,
    "throughput" : 0.011386754926669298,
    "receivedKBytesPerSec" : 0.016813255321410137,
    "sentKBytesPerSec" : 0.012832339048219111
  },
  "ProvisioningWIthAsset" : {
    "transaction" : "ProvisioningWIthAsset",
    "sampleCount" : 50,
    "errorCount" : 0,
    "errorPct" : 0.0,
    "meanResTime" : 3635.0,
    "medianResTime" : 2677.0,
    "minResTime" : 2051.0,
    "maxResTime" : 9657.0,
    "pct1ResTime" : 6570.499999999999,
    "pct2ResTime" : 8759.449999999997,
    "pct3ResTime" : 9657.0,
    "throughput" : 0.08602061742158361,
    "receivedKBytesPerSec" : 0.1038362937328819,
    "sentKBytesPerSec" : 0.11567420916945374
  },
  "Admin_ConfigureSetting-api/configsetting/find" : {
    "transaction" : "Admin_ConfigureSetting-api/configsetting/find",
    "sampleCount" : 6,
    "errorCount" : 0,
    "errorPct" : 0.0,
    "meanResTime" : 433.3333333333333,
    "medianResTime" : 386.5,
    "minResTime" : 322.0,
    "maxResTime" : 716.0,
    "pct1ResTime" : 716.0,
    "pct2ResTime" : 716.0,
    "pct3ResTime" : 716.0,
    "throughput" : 0.011327722334870127,
    "receivedKBytesPerSec" : 0.21120007306380906,
    "sentKBytesPerSec" : 0.012798998770942127
  },
  "Settings_DocumentNumberRange-api/docnumberrange/find" : {
    "transaction" : "Settings_DocumentNumberRange-api/docnumberrange/find",
    "sampleCount" : 6,
    "errorCount" : 0,
    "errorPct" : 0.0,
    "meanResTime" : 537.8333333333334,
    "medianResTime" : 450.0,
    "minResTime" : 377.0,
    "maxResTime" : 1037.0,
    "pct1ResTime" : 1037.0,
    "pct2ResTime" : 1037.0,
    "pct3ResTime" : 1037.0,
    "throughput" : 0.011291227092923035,
    "receivedKBytesPerSec" : 0.026507919854870096,
    "sentKBytesPerSec" : 0.012768790013286012
  },
  "PolicyEngine_ManagePolicyType-0" : {
    "transaction" : "PolicyEngine_ManagePolicyType-0",
    "sampleCount" : 5,
    "errorCount" : 0,
    "errorPct" : 0.0,
    "meanResTime" : 358.6,
    "medianResTime" : 345.0,
    "minResTime" : 327.0,
    "maxResTime" : 396.0,
    "pct1ResTime" : 396.0,
    "pct2ResTime" : 396.0,
    "pct3ResTime" : 396.0,
    "throughput" : 0.011766865448246972,
    "receivedKBytesPerSec" : 0.008606818574938458,
    "sentKBytesPerSec" : 0.01326070578835645
  },
  "VIM_VisitorDashboard-/api/location/find1" : {
    "transaction" : "VIM_VisitorDashboard-/api/location/find1",
    "sampleCount" : 5,
    "errorCount" : 0,
    "errorPct" : 0.0,
    "meanResTime" : 437.4,
    "medianResTime" : 467.0,
    "minResTime" : 345.0,
    "maxResTime" : 496.0,
    "pct1ResTime" : 496.0,
    "pct2ResTime" : 496.0,
    "pct3ResTime" : 496.0,
    "throughput" : 0.011764484433234199,
    "receivedKBytesPerSec" : 0.01269507353390995,
    "sentKBytesPerSec" : 0.016762092566492866
  },
  "Admin_ManageJob-api/jobtype/find" : {
    "transaction" : "Admin_ManageJob-api/jobtype/find",
    "sampleCount" : 6,
    "errorCount" : 0,
    "errorPct" : 0.0,
    "meanResTime" : 561.1666666666667,
    "medianResTime" : 392.0,
    "minResTime" : 349.0,
    "maxResTime" : 1384.0,
    "pct1ResTime" : 1384.0,
    "pct2ResTime" : 1384.0,
    "pct3ResTime" : 1384.0,
    "throughput" : 0.011306610786883577,
    "receivedKBytesPerSec" : 0.051464953982094094,
    "sentKBytesPerSec" : 0.012708895523147459
  },
  "Access_AccessGroup-api/accessgrouptype/find" : {
    "transaction" : "Access_AccessGroup-api/accessgrouptype/find",
    "sampleCount" : 6,
    "errorCount" : 0,
    "errorPct" : 0.0,
    "meanResTime" : 1100.0,
    "medianResTime" : 464.5,
    "minResTime" : 329.0,
    "maxResTime" : 4413.0,
    "pct1ResTime" : 4413.0,
    "pct2ResTime" : 4413.0,
    "pct3ResTime" : 4413.0,
    "throughput" : 0.011434037987685542,
    "receivedKBytesPerSec" : 0.010138775871893038,
    "sentKBytesPerSec" : 0.013142444054204961
  },
  "Admin_ProvisioningMonitor-api/getnewids" : {
    "transaction" : "Admin_ProvisioningMonitor-api/getnewids",
    "sampleCount" : 6,
    "errorCount" : 0,
    "errorPct" : 0.0,
    "meanResTime" : 73.0,
    "medianResTime" : 59.5,
    "minResTime" : 38.0,
    "maxResTime" : 155.0,
    "pct1ResTime" : 155.0,
    "pct2ResTime" : 155.0,
    "pct3ResTime" : 155.0,
    "throughput" : 0.011308912365353262,
    "receivedKBytesPerSec" : 0.00814116526561808,
    "sentKBytesPerSec" : 0.01230285974121439
  },
  "Home_Dashboard-api/configsetting/find" : {
    "transaction" : "Home_Dashboard-api/configsetting/find",
    "sampleCount" : 6,
    "errorCount" : 0,
    "errorPct" : 0.0,
    "meanResTime" : 615.3333333333333,
    "medianResTime" : 338.0,
    "minResTime" : 310.0,
    "maxResTime" : 1416.0,
    "pct1ResTime" : 1416.0,
    "pct2ResTime" : 1416.0,
    "pct3ResTime" : 1416.0,
    "throughput" : 0.011489740619105522,
    "receivedKBytesPerSec" : 0.009357855152669927,
    "sentKBytesPerSec" : 0.013745051033597916
  },
  "Recon_ReconSetup-api/getnewids" : {
    "transaction" : "Recon_ReconSetup-api/getnewids",
    "sampleCount" : 6,
    "errorCount" : 0,
    "errorPct" : 0.0,
    "meanResTime" : 172.5,
    "medianResTime" : 55.5,
    "minResTime" : 40.0,
    "maxResTime" : 770.0,
    "pct1ResTime" : 770.0,
    "pct2ResTime" : 770.0,
    "pct3ResTime" : 770.0,
    "throughput" : 0.011324643556844049,
    "receivedKBytesPerSec" : 0.008191197260191236,
    "sentKBytesPerSec" : 0.012319973556957296
  },
  "IDM_ManageIdentity-api/identity/find-1" : {
    "transaction" : "IDM_ManageIdentity-api/identity/find-1",
    "sampleCount" : 6,
    "errorCount" : 0,
    "errorPct" : 0.0,
    "meanResTime" : 1071.1666666666667,
    "medianResTime" : 792.0,
    "minResTime" : 536.0,
    "maxResTime" : 2343.0,
    "pct1ResTime" : 2343.0,
    "pct2ResTime" : 2343.0,
    "pct3ResTime" : 2343.0,
    "throughput" : 0.011376111303872996,
    "receivedKBytesPerSec" : 0.036761281547378656,
    "sentKBytesPerSec" : 0.021330208694761866
  },
  "Inbox-api/messagelog/header/find?_dc=1698502753503" : {
    "transaction" : "Inbox-api/messagelog/header/find?_dc=1698502753503",
    "sampleCount" : 6,
    "errorCount" : 0,
    "errorPct" : 0.0,
    "meanResTime" : 601.6666666666666,
    "medianResTime" : 361.5,
    "minResTime" : 340.0,
    "maxResTime" : 1753.0,
    "pct1ResTime" : 1753.0,
    "pct2ResTime" : 1753.0,
    "pct3ResTime" : 1753.0,
    "throughput" : 0.011522020501515146,
    "receivedKBytesPerSec" : 0.006773687833898553,
    "sentKBytesPerSec" : 0.014987628230486499
  },
  "VIM_VisitorDashboard-/api/country/find" : {
    "transaction" : "VIM_VisitorDashboard-/api/country/find",
    "sampleCount" : 5,
    "errorCount" : 0,
    "errorPct" : 0.0,
    "meanResTime" : 417.8,
    "medianResTime" : 423.0,
    "minResTime" : 350.0,
    "maxResTime" : 450.0,
    "pct1ResTime" : 450.0,
    "pct2ResTime" : 450.0,
    "pct3ResTime" : 450.0,
    "throughput" : 0.011771990667165798,
    "receivedKBytesPerSec" : 0.08010471774297977,
    "sentKBytesPerSec" : 0.01323199341592562
  },
  "Settings_ManageClassDefinition-api/classdef/find" : {
    "transaction" : "Settings_ManageClassDefinition-api/classdef/find",
    "sampleCount" : 5,
    "errorCount" : 0,
    "errorPct" : 0.0,
    "meanResTime" : 4577.6,
    "medianResTime" : 4719.0,
    "minResTime" : 3523.0,
    "maxResTime" : 5833.0,
    "pct1ResTime" : 5833.0,
    "pct2ResTime" : 5833.0,
    "pct3ResTime" : 5833.0,
    "throughput" : 0.011676241184437906,
    "receivedKBytesPerSec" : 2.3990889977698377,
    "sentKBytesPerSec" : 0.013135771332492644
  },
  "Admin_Delegation-api/delegation/find" : {
    "transaction" : "Admin_Delegation-api/delegation/find",
    "sampleCount" : 6,
    "errorCount" : 0,
    "errorPct" : 0.0,
    "meanResTime" : 570.6666666666666,
    "medianResTime" : 418.5,
    "minResTime" : 334.0,
    "maxResTime" : 1055.0,
    "pct1ResTime" : 1055.0,
    "pct2ResTime" : 1055.0,
    "pct3ResTime" : 1055.0,
    "throughput" : 0.011349299275347242,
    "receivedKBytesPerSec" : 0.012878794685501458,
    "sentKBytesPerSec" : 0.012790128284912808
  },
  "VIM_VisitorDashboard-/api/location/find" : {
    "transaction" : "VIM_VisitorDashboard-/api/location/find",
    "sampleCount" : 5,
    "errorCount" : 0,
    "errorPct" : 0.0,
    "meanResTime" : 405.6,
    "medianResTime" : 403.0,
    "minResTime" : 359.0,
    "maxResTime" : 456.0,
    "pct1ResTime" : 456.0,
    "pct2ResTime" : 456.0,
    "pct3ResTime" : 456.0,
    "throughput" : 0.01175790013309943,
    "receivedKBytesPerSec" : 0.012687968405346552,
    "sentKBytesPerSec" : 0.014042882678496682
  },
  "Recon_ReconRemediation-api/reconmonitor/find-2" : {
    "transaction" : "Recon_ReconRemediation-api/reconmonitor/find-2",
    "sampleCount" : 6,
    "errorCount" : 0,
    "errorPct" : 0.0,
    "meanResTime" : 662.1666666666666,
    "medianResTime" : 506.5,
    "minResTime" : 449.0,
    "maxResTime" : 1496.0,
    "pct1ResTime" : 1496.0,
    "pct2ResTime" : 1496.0,
    "pct3ResTime" : 1496.0,
    "throughput" : 0.011326439307274972,
    "receivedKBytesPerSec" : 0.09493635602962996,
    "sentKBytesPerSec" : 0.013881524736943446
  },
  "PolicyEngine_ManageRule-api/getnewids" : {
    "transaction" : "PolicyEngine_ManageRule-api/getnewids",
    "sampleCount" : 5,
    "errorCount" : 0,
    "errorPct" : 0.0,
    "meanResTime" : 59.0,
    "medianResTime" : 53.0,
    "minResTime" : 41.0,
    "maxResTime" : 98.0,
    "pct1ResTime" : 98.0,
    "pct2ResTime" : 98.0,
    "pct3ResTime" : 98.0,
    "throughput" : 0.01176420763355905,
    "receivedKBytesPerSec" : 0.008496882779082298,
    "sentKBytesPerSec" : 0.012798171195102325
  },
  "Recon_ReconSetup-api/reconconfig/find" : {
    "transaction" : "Recon_ReconSetup-api/reconconfig/find",
    "sampleCount" : 6,
    "errorCount" : 0,
    "errorPct" : 0.0,
    "meanResTime" : 3515.833333333333,
    "medianResTime" : 3383.5,
    "minResTime" : 3124.0,
    "maxResTime" : 4386.0,
    "pct1ResTime" : 4386.0,
    "pct2ResTime" : 4386.0,
    "pct3ResTime" : 4386.0,
    "throughput" : 0.011286405712426145,
    "receivedKBytesPerSec" : 0.1269389986230585,
    "sentKBytesPerSec" : 0.018020774745914788
  },
  "IDM_OrganizationType-api/lists/find" : {
    "transaction" : "IDM_OrganizationType-api/lists/find",
    "sampleCount" : 6,
    "errorCount" : 0,
    "errorPct" : 0.0,
    "meanResTime" : 345.50000000000006,
    "medianResTime" : 57.0,
    "minResTime" : 46.0,
    "maxResTime" : 1492.0,
    "pct1ResTime" : 1492.0,
    "pct2ResTime" : 1492.0,
    "pct3ResTime" : 1492.0,
    "throughput" : 0.011317722421539889,
    "receivedKBytesPerSec" : 0.009265648401748965,
    "sentKBytesPerSec" : 0.013649792178322033
  },
  "Recon_ReconRemediation-api/reconmonitor/find-1" : {
    "transaction" : "Recon_ReconRemediation-api/reconmonitor/find-1",
    "sampleCount" : 6,
    "errorCount" : 0,
    "errorPct" : 0.0,
    "meanResTime" : 651.8333333333334,
    "medianResTime" : 480.5,
    "minResTime" : 423.0,
    "maxResTime" : 1517.0,
    "pct1ResTime" : 1517.0,
    "pct2ResTime" : 1517.0,
    "pct3ResTime" : 1517.0,
    "throughput" : 0.01129994576026035,
    "receivedKBytesPerSec" : 0.09471429146515097,
    "sentKBytesPerSec" : 0.012988316562330501
  },
  "Access_AccessReview-api/lists/find" : {
    "transaction" : "Access_AccessReview-api/lists/find",
    "sampleCount" : 6,
    "errorCount" : 0,
    "errorPct" : 0.0,
    "meanResTime" : 711.0,
    "medianResTime" : 49.5,
    "minResTime" : 45.0,
    "maxResTime" : 3461.0,
    "pct1ResTime" : 3461.0,
    "pct2ResTime" : 3461.0,
    "pct3ResTime" : 3461.0,
    "throughput" : 0.01136684405258302,
    "receivedKBytesPerSec" : 0.010371505169072332,
    "sentKBytesPerSec" : 0.01374233685263455
  },
  "VIM_VisitorDashboard-/api/identitytype/find" : {
    "transaction" : "VIM_VisitorDashboard-/api/identitytype/find",
    "sampleCount" : 5,
    "errorCount" : 0,
    "errorPct" : 0.0,
    "meanResTime" : 431.4,
    "medianResTime" : 358.0,
    "minResTime" : 344.0,
    "maxResTime" : 611.0,
    "pct1ResTime" : 611.0,
    "pct2ResTime" : 611.0,
    "pct3ResTime" : 611.0,
    "throughput" : 0.011771353234767868,
    "receivedKBytesPerSec" : 0.019611258416517563,
    "sentKBytesPerSec" : 0.013288754237687165
  },
  "Settings_ManageScreenControlSet-api/screencontrolset/find" : {
    "transaction" : "Settings_ManageScreenControlSet-api/screencontrolset/find",
    "sampleCount" : 5,
    "errorCount" : 0,
    "errorPct" : 0.0,
    "meanResTime" : 1433.4,
    "medianResTime" : 1248.0,
    "minResTime" : 1176.0,
    "maxResTime" : 1861.0,
    "pct1ResTime" : 1861.0,
    "pct2ResTime" : 1861.0,
    "pct3ResTime" : 1861.0,
    "throughput" : 0.011744036378327086,
    "receivedKBytesPerSec" : 0.2719593111711623,
    "sentKBytesPerSec" : 0.016239800304405423
  },
  "Home_MyRequests-api/getnewids" : {
    "transaction" : "Home_MyRequests-api/getnewids",
    "sampleCount" : 6,
    "errorCount" : 0,
    "errorPct" : 0.0,
    "meanResTime" : 114.66666666666667,
    "medianResTime" : 46.5,
    "minResTime" : 39.0,
    "maxResTime" : 420.0,
    "pct1ResTime" : 420.0,
    "pct2ResTime" : 420.0,
    "pct3ResTime" : 420.0,
    "throughput" : 0.011320776076935993,
    "receivedKBytesPerSec" : 0.00817550186415446,
    "sentKBytesPerSec" : 0.012315766161822946
  },
  "IDM_OrganizationHierarchy-api/lists/find" : {
    "transaction" : "IDM_OrganizationHierarchy-api/lists/find",
    "sampleCount" : 6,
    "errorCount" : 0,
    "errorPct" : 0.0,
    "meanResTime" : 171.66666666666669,
    "medianResTime" : 74.0,
    "minResTime" : 48.0,
    "maxResTime" : 651.0,
    "pct1ResTime" : 651.0,
    "pct2ResTime" : 651.0,
    "pct3ResTime" : 651.0,
    "throughput" : 0.01135808638960508,
    "receivedKBytesPerSec" : 0.00890123469497859,
    "sentKBytesPerSec" : 0.013687381449973307
  },
  "PolicyEngine_ManageRisk-api/risk/find" : {
    "transaction" : "PolicyEngine_ManageRisk-api/risk/find",
    "sampleCount" : 5,
    "errorCount" : 0,
    "errorPct" : 0.0,
    "meanResTime" : 400.8,
    "medianResTime" : 348.0,
    "minResTime" : 337.0,
    "maxResTime" : 632.0,
    "pct1ResTime" : 632.0,
    "pct2ResTime" : 632.0,
    "pct3ResTime" : 632.0,
    "throughput" : 0.011750273781379106,
    "receivedKBytesPerSec" : 0.006907875797256076,
    "sentKBytesPerSec" : 0.014894390008037188
  },
  "VIM_VisitorDashboard-/api/tpmadmin/visitors/find" : {
    "transaction" : "VIM_VisitorDashboard-/api/tpmadmin/visitors/find",
    "sampleCount" : 5,
    "errorCount" : 0,
    "errorPct" : 0.0,
    "meanResTime" : 838.4,
    "medianResTime" : 689.0,
    "minResTime" : 442.0,
    "maxResTime" : 1574.0,
    "pct1ResTime" : 1574.0,
    "pct2ResTime" : 1574.0,
    "pct3ResTime" : 1574.0,
    "throughput" : 0.01177481837342659,
    "receivedKBytesPerSec" : 0.023809510667985447,
    "sentKBytesPerSec" : 0.014224072585867864
  },
  "PolicyEngine_ManageRuleSet-api/rule-set/find-1" : {
    "transaction" : "PolicyEngine_ManageRuleSet-api/rule-set/find-1",
    "sampleCount" : 5,
    "errorCount" : 0,
    "errorPct" : 0.0,
    "meanResTime" : 550.4,
    "medianResTime" : 541.0,
    "minResTime" : 427.0,
    "maxResTime" : 677.0,
    "pct1ResTime" : 677.0,
    "pct2ResTime" : 677.0,
    "pct3ResTime" : 677.0,
    "throughput" : 0.011757181286329691,
    "receivedKBytesPerSec" : 0.17411421028776877,
    "sentKBytesPerSec" : 0.014949072299610603
  },
  "ProvisioningWIthAccess" : {
    "transaction" : "ProvisioningWIthAccess",
    "sampleCount" : 50,
    "errorCount" : 0,
    "errorPct" : 0.0,
    "meanResTime" : 2379.44,
    "medianResTime" : 1602.5,
    "minResTime" : 1208.0,
    "maxResTime" : 10801.0,
    "pct1ResTime" : 3997.3999999999996,
    "pct2ResTime" : 8643.599999999997,
    "pct3ResTime" : 10801.0,
    "throughput" : 0.08702977810887773,
    "receivedKBytesPerSec" : 0.10546751254534252,
    "sentKBytesPerSec" : 0.11303672352031972
  },
  "IDM_OrganizationHierarchy-api/classdef/find" : {
    "transaction" : "IDM_OrganizationHierarchy-api/classdef/find",
    "sampleCount" : 6,
    "errorCount" : 0,
    "errorPct" : 0.0,
    "meanResTime" : 599.1666666666667,
    "medianResTime" : 399.0,
    "minResTime" : 341.0,
    "maxResTime" : 1606.0,
    "pct1ResTime" : 1606.0,
    "pct2ResTime" : 1606.0,
    "pct3ResTime" : 1606.0,
    "throughput" : 0.01132896287121235,
    "receivedKBytesPerSec" : 0.039839448534409835,
    "sentKBytesPerSec" : 0.013276128364701973
  },
  "IDM_ManageIdentity-api/getnewids" : {
    "transaction" : "IDM_ManageIdentity-api/getnewids",
    "sampleCount" : 6,
    "errorCount" : 0,
    "errorPct" : 0.0,
    "meanResTime" : 122.33333333333334,
    "medianResTime" : 108.5,
    "minResTime" : 43.0,
    "maxResTime" : 261.0,
    "pct1ResTime" : 261.0,
    "pct2ResTime" : 261.0,
    "pct3ResTime" : 261.0,
    "throughput" : 0.011433645789464658,
    "receivedKBytesPerSec" : 0.008245847085468407,
    "sentKBytesPerSec" : 0.012438556063929324
  },
  "login_Inbox-api/lists/find-28" : {
    "transaction" : "login_Inbox-api/lists/find-28",
    "sampleCount" : 6,
    "errorCount" : 0,
    "errorPct" : 0.0,
    "meanResTime" : 113.66666666666667,
    "medianResTime" : 63.0,
    "minResTime" : 46.0,
    "maxResTime" : 356.0,
    "pct1ResTime" : 356.0,
    "pct2ResTime" : 356.0,
    "pct3ResTime" : 356.0,
    "throughput" : 0.011416155000941832,
    "receivedKBytesPerSec" : 0.01030687040856516,
    "sentKBytesPerSec" : 0.013735061485508142
  },
  "PolicyEngine_ManageRule-api/ruletype/find" : {
    "transaction" : "PolicyEngine_ManageRule-api/ruletype/find",
    "sampleCount" : 5,
    "errorCount" : 0,
    "errorPct" : 0.0,
    "meanResTime" : 459.4,
    "medianResTime" : 360.0,
    "minResTime" : 345.0,
    "maxResTime" : 838.0,
    "pct1ResTime" : 838.0,
    "pct2ResTime" : 838.0,
    "pct3ResTime" : 838.0,
    "throughput" : 0.011758619067776682,
    "receivedKBytesPerSec" : 0.015467636605757019,
    "sentKBytesPerSec" : 0.013228446451248764
  },
  "Login" : {
    "transaction" : "Login",
    "sampleCount" : 400,
    "errorCount" : 0,
    "errorPct" : 0.0,
    "meanResTime" : 1417.6525000000001,
    "medianResTime" : 1105.0,
    "minResTime" : 841.0,
    "maxResTime" : 7956.0,
    "pct1ResTime" : 2044.5000000000016,
    "pct2ResTime" : 3390.099999999999,
    "pct3ResTime" : 6088.1500000000015,
    "throughput" : 0.6661481813321964,
    "receivedKBytesPerSec" : 130.92109779242656,
    "sentKBytesPerSec" : 0.7780402586653389
  },
  "Admin_Delegation-api/classdef/find" : {
    "transaction" : "Admin_Delegation-api/classdef/find",
    "sampleCount" : 6,
    "errorCount" : 0,
    "errorPct" : 0.0,
    "meanResTime" : 523.8333333333333,
    "medianResTime" : 348.5,
    "minResTime" : 333.0,
    "maxResTime" : 1335.0,
    "pct1ResTime" : 1335.0,
    "pct2ResTime" : 1335.0,
    "pct3ResTime" : 1335.0,
    "throughput" : 0.011319836315166884,
    "receivedKBytesPerSec" : 0.006654825646221155,
    "sentKBytesPerSec" : 0.017200845025780925
  },
  "VisitCreation" : {
    "transaction" : "VisitCreation",
    "sampleCount" : 100,
    "errorCount" : 4,
    "errorPct" : 4.0,
    "meanResTime" : 749.0300000000001,
    "medianResTime" : 525.0,
    "minResTime" : 360.0,
    "maxResTime" : 4239.0,
    "pct1ResTime" : 1500.8000000000004,
    "pct2ResTime" : 2008.4499999999998,
    "pct3ResTime" : 4220.4799999999905,
    "throughput" : 0.17206728519120118,
    "receivedKBytesPerSec" : 0.17820558394904742,
    "sentKBytesPerSec" : 0.3175851259876662
  },
  "CheckOut" : {
    "transaction" : "CheckOut",
    "sampleCount" : 46,
    "errorCount" : 0,
    "errorPct" : 0.0,
    "meanResTime" : 1614.0434782608695,
    "medianResTime" : 1220.5,
    "minResTime" : 851.0,
    "maxResTime" : 5733.0,
    "pct1ResTime" : 2770.2000000000003,
    "pct2ResTime" : 3504.5499999999993,
    "pct3ResTime" : 5733.0,
    "throughput" : 0.07949098122976005,
    "receivedKBytesPerSec" : 0.08474605331598356,
    "sentKBytesPerSec" : 0.10417665704134567
  },
  "login_Inbox-api/identitytype/find" : {
    "transaction" : "login_Inbox-api/identitytype/find",
    "sampleCount" : 6,
    "errorCount" : 0,
    "errorPct" : 0.0,
    "meanResTime" : 431.0,
    "medianResTime" : 392.5,
    "minResTime" : 340.0,
    "maxResTime" : 577.0,
    "pct1ResTime" : 577.0,
    "pct2ResTime" : 577.0,
    "pct3ResTime" : 577.0,
    "throughput" : 0.011473767143720406,
    "receivedKBytesPerSec" : 0.01911547533904982,
    "sentKBytesPerSec" : 0.012952807439590616
  },
  "Access_UserProfile-api/getnewids" : {
    "transaction" : "Access_UserProfile-api/getnewids",
    "sampleCount" : 6,
    "errorCount" : 0,
    "errorPct" : 0.0,
    "meanResTime" : 194.5,
    "medianResTime" : 54.5,
    "minResTime" : 42.0,
    "maxResTime" : 779.0,
    "pct1ResTime" : 779.0,
    "pct2ResTime" : 779.0,
    "pct3ResTime" : 779.0,
    "throughput" : 0.011489542601309043,
    "receivedKBytesPerSec" : 0.008306729855959434,
    "sentKBytesPerSec" : 0.012499365681502218
  },
  "Recon_ReconSetup-api/classdef/find" : {
    "transaction" : "Recon_ReconSetup-api/classdef/find",
    "sampleCount" : 6,
    "errorCount" : 0,
    "errorPct" : 0.0,
    "meanResTime" : 459.5,
    "medianResTime" : 374.0,
    "minResTime" : 332.0,
    "maxResTime" : 913.0,
    "pct1ResTime" : 913.0,
    "pct2ResTime" : 913.0,
    "pct3ResTime" : 913.0,
    "throughput" : 0.011334291710665757,
    "receivedKBytesPerSec" : 0.006663323837715612,
    "sentKBytesPerSec" : 0.017167467229729092
  },
  "PolicyEngine_ManageResponse-api/lists/find-1" : {
    "transaction" : "PolicyEngine_ManageResponse-api/lists/find-1",
    "sampleCount" : 5,
    "errorCount" : 0,
    "errorPct" : 0.0,
    "meanResTime" : 61.0,
    "medianResTime" : 55.0,
    "minResTime" : 44.0,
    "maxResTime" : 91.0,
    "pct1ResTime" : 91.0,
    "pct2ResTime" : 91.0,
    "pct3ResTime" : 91.0,
    "throughput" : 0.01176218739046463,
    "receivedKBytesPerSec" : 0.008743532267208668,
    "sentKBytesPerSec" : 0.014231787282017261
  },
  "PolicyEngine_ManageResponse-api/lists/find-2" : {
    "transaction" : "PolicyEngine_ManageResponse-api/lists/find-2",
    "sampleCount" : 5,
    "errorCount" : 0,
    "errorPct" : 0.0,
    "meanResTime" : 76.2,
    "medianResTime" : 63.0,
    "minResTime" : 58.0,
    "maxResTime" : 115.0,
    "pct1ResTime" : 115.0,
    "pct2ResTime" : 115.0,
    "pct3ResTime" : 115.0,
    "throughput" : 0.011765231857424214,
    "receivedKBytesPerSec" : 0.008991670362910343,
    "sentKBytesPerSec" : 0.014223981483878103
  },
  "login_Inbox-api/configsetting/find" : {
    "transaction" : "login_Inbox-api/configsetting/find",
    "sampleCount" : 6,
    "errorCount" : 0,
    "errorPct" : 0.0,
    "meanResTime" : 398.1666666666667,
    "medianResTime" : 334.5,
    "minResTime" : 320.0,
    "maxResTime" : 718.0,
    "pct1ResTime" : 718.0,
    "pct2ResTime" : 718.0,
    "pct3ResTime" : 718.0,
    "throughput" : 0.011333371111237037,
    "receivedKBytesPerSec" : 0.00862177353091177,
    "sentKBytesPerSec" : 0.0134694459398198
  },
  "Settings_System-api/system/find" : {
    "transaction" : "Settings_System-api/system/find",
    "sampleCount" : 5,
    "errorCount" : 0,
    "errorPct" : 0.0,
    "meanResTime" : 615.6,
    "medianResTime" : 529.0,
    "minResTime" : 401.0,
    "maxResTime" : 1160.0,
    "pct1ResTime" : 1160.0,
    "pct2ResTime" : 1160.0,
    "pct3ResTime" : 1160.0,
    "throughput" : 0.011787337570488278,
    "receivedKBytesPerSec" : 0.040829771838400315,
    "sentKBytesPerSec" : 0.013237732623106954
  },
  "login_Inbox-api/messagelog/header/find-1" : {
    "transaction" : "login_Inbox-api/messagelog/header/find-1",
    "sampleCount" : 6,
    "errorCount" : 0,
    "errorPct" : 0.0,
    "meanResTime" : 454.66666666666663,
    "medianResTime" : 393.0,
    "minResTime" : 336.0,
    "maxResTime" : 757.0,
    "pct1ResTime" : 757.0,
    "pct2ResTime" : 757.0,
    "pct3ResTime" : 757.0,
    "throughput" : 0.011431576300056014,
    "receivedKBytesPerSec" : 0.006720516535775119,
    "sentKBytesPerSec" : 0.014936962001440379
  },
  "PolicyEngine_ManagePolicy-api/getnewids" : {
    "transaction" : "PolicyEngine_ManagePolicy-api/getnewids",
    "sampleCount" : 5,
    "errorCount" : 0,
    "errorPct" : 0.0,
    "meanResTime" : 99.8,
    "medianResTime" : 53.0,
    "minResTime" : 41.0,
    "maxResTime" : 301.0,
    "pct1ResTime" : 301.0,
    "pct2ResTime" : 301.0,
    "pct3ResTime" : 301.0,
    "throughput" : 0.011766505465541787,
    "receivedKBytesPerSec" : 0.008473262822549331,
    "sentKBytesPerSec" : 0.012800670984974172
  },
  "PolicyEngine_ManageMitigation-api/mitigationcontrol/find" : {
    "transaction" : "PolicyEngine_ManageMitigation-api/mitigationcontrol/find",
    "sampleCount" : 5,
    "errorCount" : 0,
    "errorPct" : 0.0,
    "meanResTime" : 390.8,
    "medianResTime" : 343.0,
    "minResTime" : 336.0,
    "maxResTime" : 531.0,
    "pct1ResTime" : 531.0,
    "pct2ResTime" : 531.0,
    "pct3ResTime" : 531.0,
    "throughput" : 0.011750743234509583,
    "receivedKBytesPerSec" : 0.00690815178435036,
    "sentKBytesPerSec" : 0.015044164434025451
  },
  "login_Inbox-api/lists/find-36" : {
    "transaction" : "login_Inbox-api/lists/find-36",
    "sampleCount" : 6,
    "errorCount" : 0,
    "errorPct" : 0.0,
    "meanResTime" : 273.1666666666667,
    "medianResTime" : 79.0,
    "minResTime" : 65.0,
    "maxResTime" : 1247.0,
    "pct1ResTime" : 1247.0,
    "pct2ResTime" : 1247.0,
    "pct3ResTime" : 1247.0,
    "throughput" : 0.011502538226768708,
    "receivedKBytesPerSec" : 0.03841293608998052,
    "sentKBytesPerSec" : 0.013794059514132784
  },
  "Access_UserProfile-api/lists/find" : {
    "transaction" : "Access_UserProfile-api/lists/find",
    "sampleCount" : 18,
    "errorCount" : 0,
    "errorPct" : 0.0,
    "meanResTime" : 318.83333333333337,
    "medianResTime" : 129.0,
    "minResTime" : 42.0,
    "maxResTime" : 1401.0,
    "pct1ResTime" : 1239.0000000000002,
    "pct2ResTime" : 1401.0,
    "pct3ResTime" : 1401.0,
    "throughput" : 0.034275594824385185,
    "receivedKBytesPerSec" : 0.027915865315954337,
    "sentKBytesPerSec" : 0.041204352762517736
  },
  "Admin_Recipient-api/access/4544722992649616" : {
    "transaction" : "Admin_Recipient-api/access/4544722992649616",
    "sampleCount" : 6,
    "errorCount" : 0,
    "errorPct" : 0.0,
    "meanResTime" : 712.5,
    "medianResTime" : 567.0,
    "minResTime" : 354.0,
    "maxResTime" : 1508.0,
    "pct1ResTime" : 1508.0,
    "pct2ResTime" : 1508.0,
    "pct3ResTime" : 1508.0,
    "throughput" : 0.011320156670968327,
    "receivedKBytesPerSec" : 0.006632904299395503,
    "sentKBytesPerSec" : 0.012469860082863547
  },
  "PolicyEngine_ManageRule-api/rule/find-1" : {
    "transaction" : "PolicyEngine_ManageRule-api/rule/find-1",
    "sampleCount" : 5,
    "errorCount" : 0,
    "errorPct" : 0.0,
    "meanResTime" : 452.8,
    "medianResTime" : 426.0,
    "minResTime" : 364.0,
    "maxResTime" : 634.0,
    "pct1ResTime" : 634.0,
    "pct2ResTime" : 634.0,
    "pct3ResTime" : 634.0,
    "throughput" : 0.011759504031157983,
    "receivedKBytesPerSec" : 0.1235551795617468,
    "sentKBytesPerSec" : 0.014906090070745177
  },
  "Settings_System-api/systemtype/find" : {
    "transaction" : "Settings_System-api/systemtype/find",
    "sampleCount" : 5,
    "errorCount" : 0,
    "errorPct" : 0.0,
    "meanResTime" : 1017.0,
    "medianResTime" : 986.0,
    "minResTime" : 677.0,
    "maxResTime" : 1539.0,
    "pct1ResTime" : 1539.0,
    "pct2ResTime" : 1539.0,
    "pct3ResTime" : 1539.0,
    "throughput" : 0.011791562900913138,
    "receivedKBytesPerSec" : 0.13659788648026563,
    "sentKBytesPerSec" : 0.013288538659818128
  },
  "VIM_VisitType-/api/tpmadmin/visittype/find" : {
    "transaction" : "VIM_VisitType-/api/tpmadmin/visittype/find",
    "sampleCount" : 5,
    "errorCount" : 0,
    "errorPct" : 0.0,
    "meanResTime" : 598.6,
    "medianResTime" : 525.0,
    "minResTime" : 398.0,
    "maxResTime" : 896.0,
    "pct1ResTime" : 896.0,
    "pct2ResTime" : 896.0,
    "pct3ResTime" : 896.0,
    "throughput" : 0.01177077129155965,
    "receivedKBytesPerSec" : 0.057591717114230626,
    "sentKBytesPerSec" : 0.013357066641398744
  },
  "Access_UserProfile-api/country/find" : {
    "transaction" : "Access_UserProfile-api/country/find",
    "sampleCount" : 6,
    "errorCount" : 0,
    "errorPct" : 0.0,
    "meanResTime" : 450.6666666666667,
    "medianResTime" : 370.5,
    "minResTime" : 331.0,
    "maxResTime" : 813.0,
    "pct1ResTime" : 813.0,
    "pct2ResTime" : 813.0,
    "pct3ResTime" : 813.0,
    "throughput" : 0.01149702801825728,
    "receivedKBytesPerSec" : 0.006758994987295784,
    "sentKBytesPerSec" : 0.013338348911806297
  },
  "Settings_SystemType-api/systemtype/find" : {
    "transaction" : "Settings_SystemType-api/systemtype/find",
    "sampleCount" : 5,
    "errorCount" : 0,
    "errorPct" : 0.0,
    "meanResTime" : 947.8,
    "medianResTime" : 830.0,
    "minResTime" : 738.0,
    "maxResTime" : 1193.0,
    "pct1ResTime" : 1193.0,
    "pct2ResTime" : 1193.0,
    "pct3ResTime" : 1193.0,
    "throughput" : 0.011795679950175048,
    "receivedKBytesPerSec" : 0.13664097223532853,
    "sentKBytesPerSec" : 0.013293178381349614
  },
  "Settings_WorkflowDesigner-api/workflow/find" : {
    "transaction" : "Settings_WorkflowDesigner-api/workflow/find",
    "sampleCount" : 5,
    "errorCount" : 0,
    "errorPct" : 0.0,
    "meanResTime" : 406.0,
    "medianResTime" : 371.0,
    "minResTime" : 353.0,
    "maxResTime" : 518.0,
    "pct1ResTime" : 518.0,
    "pct2ResTime" : 518.0,
    "pct3ResTime" : 518.0,
    "throughput" : 0.011775151134064805,
    "receivedKBytesPerSec" : 0.025160186212240036,
    "sentKBytesPerSec" : 0.014327967102582762
  },
  "Settings_ConfigureProvisioningAction-api/provisioninaction/find" : {
    "transaction" : "Settings_ConfigureProvisioningAction-api/provisioninaction/find",
    "sampleCount" : 6,
    "errorCount" : 0,
    "errorPct" : 0.0,
    "meanResTime" : 401.0,
    "medianResTime" : 344.5,
    "minResTime" : 337.0,
    "maxResTime" : 650.0,
    "pct1ResTime" : 650.0,
    "pct2ResTime" : 650.0,
    "pct3ResTime" : 650.0,
    "throughput" : 0.011287828334706686,
    "receivedKBytesPerSec" : 0.012180713193213757,
    "sentKBytesPerSec" : 0.012798016305268028
  },
  "CheckIn" : {
    "transaction" : "CheckIn",
    "sampleCount" : 96,
    "errorCount" : 0,
    "errorPct" : 0.0,
    "meanResTime" : 1054.4999999999998,
    "medianResTime" : 853.0,
    "minResTime" : 618.0,
    "maxResTime" : 5433.0,
    "pct1ResTime" : 1692.8999999999999,
    "pct2ResTime" : 2239.1999999999994,
    "pct3ResTime" : 5433.0,
    "throughput" : 0.16548956467625242,
    "receivedKBytesPerSec" : 0.1725903437269974,
    "sentKBytesPerSec" : 0.2131647810624775
  },
  "login_Inbox-api/accessrequesttype/find" : {
    "transaction" : "login_Inbox-api/accessrequesttype/find",
    "sampleCount" : 6,
    "errorCount" : 0,
    "errorPct" : 0.0,
    "meanResTime" : 957.8333333333333,
    "medianResTime" : 916.0,
    "minResTime" : 665.0,
    "maxResTime" : 1442.0,
    "pct1ResTime" : 1442.0,
    "pct2ResTime" : 1442.0,
    "pct3ResTime" : 1442.0,
    "throughput" : 0.011391056881242536,
    "receivedKBytesPerSec" : 0.7350235189727544,
    "sentKBytesPerSec" : 0.012915055702268148
  },
  "Access_Prerequisite-api/lists/find" : {
    "transaction" : "Access_Prerequisite-api/lists/find",
    "sampleCount" : 6,
    "errorCount" : 0,
    "errorPct" : 0.0,
    "meanResTime" : 273.66666666666663,
    "medianResTime" : 56.5,
    "minResTime" : 45.0,
    "maxResTime" : 1374.0,
    "pct1ResTime" : 1374.0,
    "pct2ResTime" : 1374.0,
    "pct3ResTime" : 1374.0,
    "throughput" : 0.01147978219026591,
    "receivedKBytesPerSec" : 0.008432333500109059,
    "sentKBytesPerSec" : 0.013845245122049217
  },
  "Home_AccessRequest-api/request/findRequests" : {
    "transaction" : "Home_AccessRequest-api/request/findRequests",
    "sampleCount" : 6,
    "errorCount" : 0,
    "errorPct" : 0.0,
    "meanResTime" : 505.3333333333333,
    "medianResTime" : 480.0,
    "minResTime" : 386.0,
    "maxResTime" : 653.0,
    "pct1ResTime" : 653.0,
    "pct2ResTime" : 653.0,
    "pct3ResTime" : 653.0,
    "throughput" : 0.011438615622479931,
    "receivedKBytesPerSec" : 0.04486082064441348,
    "sentKBytesPerSec" : 0.014633385220164755
  },
  "Recon_ReconRemediation-api/getnewids" : {
    "transaction" : "Recon_ReconRemediation-api/getnewids",
    "sampleCount" : 6,
    "errorCount" : 0,
    "errorPct" : 0.0,
    "meanResTime" : 113.0,
    "medianResTime" : 101.0,
    "minResTime" : 45.0,
    "maxResTime" : 205.0,
    "pct1ResTime" : 205.0,
    "pct2ResTime" : 205.0,
    "pct3ResTime" : 205.0,
    "throughput" : 0.011305588163802898,
    "receivedKBytesPerSec" : 0.008170053946498189,
    "sentKBytesPerSec" : 0.012299243373512138
  },
  "Card_ManageCardType-api/assettype/find" : {
    "transaction" : "Card_ManageCardType-api/assettype/find",
    "sampleCount" : 6,
    "errorCount" : 0,
    "errorPct" : 0.0,
    "meanResTime" : 1048.8333333333333,
    "medianResTime" : 380.0,
    "minResTime" : 350.0,
    "maxResTime" : 4145.0,
    "pct1ResTime" : 4145.0,
    "pct2ResTime" : 4145.0,
    "pct3ResTime" : 4145.0,
    "throughput" : 0.011349771585846834,
    "receivedKBytesPerSec" : 0.015395344465567631,
    "sentKBytesPerSec" : 0.012779576795391993
  },
  "Admin_CompanySetup-api/configsetting/find" : {
    "transaction" : "Admin_CompanySetup-api/configsetting/find",
    "sampleCount" : 6,
    "errorCount" : 0,
    "errorPct" : 0.0,
    "meanResTime" : 498.1666666666667,
    "medianResTime" : 381.5,
    "minResTime" : 362.0,
    "maxResTime" : 1006.0,
    "pct1ResTime" : 1006.0,
    "pct2ResTime" : 1006.0,
    "pct3ResTime" : 1006.0,
    "throughput" : 0.011363076818186983,
    "receivedKBytesPerSec" : 0.2118592408328378,
    "sentKBytesPerSec" : 0.012838945193986661
  },
  "Home_Dashboard-api/classdef/find" : {
    "transaction" : "Home_Dashboard-api/classdef/find",
    "sampleCount" : 12,
    "errorCount" : 0,
    "errorPct" : 0.0,
    "meanResTime" : 710.2500000000001,
    "medianResTime" : 369.5,
    "minResTime" : 329.0,
    "maxResTime" : 2413.0,
    "pct1ResTime" : 2379.7000000000003,
    "pct2ResTime" : 2413.0,
    "pct3ResTime" : 2413.0,
    "throughput" : 0.02275727094806791,
    "receivedKBytesPerSec" : 0.013378786240953986,
    "sentKBytesPerSec" : 0.026713124687087527
  },
  "Access_AccessGroup-api/accessgroup/find" : {
    "transaction" : "Access_AccessGroup-api/accessgroup/find",
    "sampleCount" : 6,
    "errorCount" : 0,
    "errorPct" : 0.0,
    "meanResTime" : 1655.0,
    "medianResTime" : 521.0,
    "minResTime" : 445.0,
    "maxResTime" : 6463.0,
    "pct1ResTime" : 6463.0,
    "pct2ResTime" : 6463.0,
    "pct3ResTime" : 6463.0,
    "throughput" : 0.011522241767358258,
    "receivedKBytesPerSec" : 0.014717863507524024,
    "sentKBytesPerSec" : 0.015865586808569476
  },
  "Access_PrerequisiteType-api/prerequisitetype/find" : {
    "transaction" : "Access_PrerequisiteType-api/prerequisitetype/find",
    "sampleCount" : 6,
    "errorCount" : 0,
    "errorPct" : 0.0,
    "meanResTime" : 629.0,
    "medianResTime" : 403.0,
    "minResTime" : 347.0,
    "maxResTime" : 1853.0,
    "pct1ResTime" : 1853.0,
    "pct2ResTime" : 1853.0,
    "pct3ResTime" : 1853.0,
    "throughput" : 0.011437241947228565,
    "receivedKBytesPerSec" : 0.01237545320071216,
    "sentKBytesPerSec" : 0.01295625064334486
  },
  "Admin_Delegation-api/lists/find" : {
    "transaction" : "Admin_Delegation-api/lists/find",
    "sampleCount" : 6,
    "errorCount" : 0,
    "errorPct" : 0.0,
    "meanResTime" : 229.0,
    "medianResTime" : 121.0,
    "minResTime" : 45.0,
    "maxResTime" : 646.0,
    "pct1ResTime" : 646.0,
    "pct2ResTime" : 646.0,
    "pct3ResTime" : 646.0,
    "throughput" : 0.01134899873458664,
    "receivedKBytesPerSec" : 0.009775211800688884,
    "sentKBytesPerSec" : 0.01367643011570304
  },
  "Settings_ConfigureProvisioningAction-api/getnewids" : {
    "transaction" : "Settings_ConfigureProvisioningAction-api/getnewids",
    "sampleCount" : 6,
    "errorCount" : 0,
    "errorPct" : 0.0,
    "meanResTime" : 101.5,
    "medianResTime" : 53.5,
    "minResTime" : 40.0,
    "maxResTime" : 252.0,
    "pct1ResTime" : 252.0,
    "pct2ResTime" : 252.0,
    "pct3ResTime" : 252.0,
    "throughput" : 0.011295180722891566,
    "receivedKBytesPerSec" : 0.008147825677710843,
    "sentKBytesPerSec" : 0.012287921216114456
  },
  "Settings_MessageMaster-api/lists/find" : {
    "transaction" : "Settings_MessageMaster-api/lists/find",
    "sampleCount" : 5,
    "errorCount" : 0,
    "errorPct" : 0.0,
    "meanResTime" : 117.2,
    "medianResTime" : 98.0,
    "minResTime" : 70.0,
    "maxResTime" : 210.0,
    "pct1ResTime" : 210.0,
    "pct2ResTime" : 210.0,
    "pct3ResTime" : 210.0,
    "throughput" : 0.011902353095206923,
    "receivedKBytesPerSec" : 0.010495922700167824,
    "sentKBytesPerSec" : 0.01437813552614352
  },
  "Admin_ManageJob-api/job/find" : {
    "transaction" : "Admin_ManageJob-api/job/find",
    "sampleCount" : 12,
    "errorCount" : 0,
    "errorPct" : 0.0,
    "meanResTime" : 845.5833333333334,
    "medianResTime" : 790.5,
    "minResTime" : 649.0,
    "maxResTime" : 1488.0,
    "pct1ResTime" : 1332.9000000000005,
    "pct2ResTime" : 1488.0,
    "pct3ResTime" : 1488.0,
    "throughput" : 0.022592573068146733,
    "receivedKBytesPerSec" : 0.13209889239910533,
    "sentKBytesPerSec" : 0.026883838167516397
  },
  "Settings_RequestType-api/accessrequesttype/find" : {
    "transaction" : "Settings_RequestType-api/accessrequesttype/find",
    "sampleCount" : 5,
    "errorCount" : 0,
    "errorPct" : 0.0,
    "meanResTime" : 1167.0,
    "medianResTime" : 1033.0,
    "minResTime" : 806.0,
    "maxResTime" : 1666.0,
    "pct1ResTime" : 1666.0,
    "pct2ResTime" : 1666.0,
    "pct3ResTime" : 1666.0,
    "throughput" : 0.01180077460284493,
    "receivedKBytesPerSec" : 0.7623323441825721,
    "sentKBytesPerSec" : 0.013379589173733364
  },
  "Card_ManageCard-api/lists/find-2" : {
    "transaction" : "Card_ManageCard-api/lists/find-2",
    "sampleCount" : 6,
    "errorCount" : 0,
    "errorPct" : 0.0,
    "meanResTime" : 398.6666666666667,
    "medianResTime" : 94.0,
    "minResTime" : 68.0,
    "maxResTime" : 1752.0,
    "pct1ResTime" : 1752.0,
    "pct2ResTime" : 1752.0,
    "pct3ResTime" : 1752.0,
    "throughput" : 0.011513773351371579,
    "receivedKBytesPerSec" : 0.009010127323143644,
    "sentKBytesPerSec" : 0.013830020724792032
  },
  "Card_ManageCard-api/lists/find-3" : {
    "transaction" : "Card_ManageCard-api/lists/find-3",
    "sampleCount" : 6,
    "errorCount" : 0,
    "errorPct" : 0.0,
    "meanResTime" : 276.5,
    "medianResTime" : 131.0,
    "minResTime" : 46.0,
    "maxResTime" : 813.0,
    "pct1ResTime" : 813.0,
    "pct2ResTime" : 813.0,
    "pct3ResTime" : 813.0,
    "throughput" : 0.011551812768218652,
    "receivedKBytesPerSec" : 0.008394994142268275,
    "sentKBytesPerSec" : 0.01387571260245014
  },
  "Card_ManageCard-api/lists/find-1" : {
    "transaction" : "Card_ManageCard-api/lists/find-1",
    "sampleCount" : 6,
    "errorCount" : 0,
    "errorPct" : 0.0,
    "meanResTime" : 601.8333333333333,
    "medianResTime" : 84.5,
    "minResTime" : 44.0,
    "maxResTime" : 3159.0,
    "pct1ResTime" : 3159.0,
    "pct2ResTime" : 3159.0,
    "pct3ResTime" : 3159.0,
    "throughput" : 0.011445292455835478,
    "receivedKBytesPerSec" : 0.009122330266312881,
    "sentKBytesPerSec" : 0.013758940442513159
  },
  "login_Inbox-api/messagemaster/find" : {
    "transaction" : "login_Inbox-api/messagemaster/find",
    "sampleCount" : 6,
    "errorCount" : 0,
    "errorPct" : 0.0,
    "meanResTime" : 402.6666666666667,
    "medianResTime" : 390.0,
    "minResTime" : 333.0,
    "maxResTime" : 485.0,
    "pct1ResTime" : 485.0,
    "pct2ResTime" : 485.0,
    "pct3ResTime" : 485.0,
    "throughput" : 0.011424154088990352,
    "receivedKBytesPerSec" : 0.006716153087472844,
    "sentKBytesPerSec" : 0.01338768057303557
  },
  "Settings_Deligation-api/lists/find" : {
    "transaction" : "Settings_Deligation-api/lists/find",
    "sampleCount" : 6,
    "errorCount" : 0,
    "errorPct" : 0.0,
    "meanResTime" : 189.5,
    "medianResTime" : 104.5,
    "minResTime" : 49.0,
    "maxResTime" : 623.0,
    "pct1ResTime" : 623.0,
    "pct2ResTime" : 623.0,
    "pct3ResTime" : 623.0,
    "throughput" : 0.011324023727604384,
    "receivedKBytesPerSec" : 0.009759229433213739,
    "sentKBytesPerSec" : 0.013646333281117003
  },
  "Settings_Deligation-api/delegation/find" : {
    "transaction" : "Settings_Deligation-api/delegation/find",
    "sampleCount" : 6,
    "errorCount" : 0,
    "errorPct" : 0.0,
    "meanResTime" : 421.5,
    "medianResTime" : 386.5,
    "minResTime" : 337.0,
    "maxResTime" : 673.0,
    "pct1ResTime" : 673.0,
    "pct2ResTime" : 673.0,
    "pct3ResTime" : 673.0,
    "throughput" : 0.011327144936483034,
    "receivedKBytesPerSec" : 0.012853654703313755,
    "sentKBytesPerSec" : 0.012765161383497483
  },
  "Access_Prerequisite-api/prerequisite/find" : {
    "transaction" : "Access_Prerequisite-api/prerequisite/find",
    "sampleCount" : 6,
    "errorCount" : 0,
    "errorPct" : 0.0,
    "meanResTime" : 452.0,
    "medianResTime" : 369.5,
    "minResTime" : 321.0,
    "maxResTime" : 849.0,
    "pct1ResTime" : 849.0,
    "pct2ResTime" : 849.0,
    "pct3ResTime" : 849.0,
    "throughput" : 0.011503574735849165,
    "receivedKBytesPerSec" : 0.01797433552476432,
    "sentKBytesPerSec" : 0.013784068555553638
  },
  "Access_Prerequisite-api/getnewids" : {
    "transaction" : "Access_Prerequisite-api/getnewids",
    "sampleCount" : 6,
    "errorCount" : 0,
    "errorPct" : 0.0,
    "meanResTime" : 799.6666666666667,
    "medianResTime" : 52.0,
    "minResTime" : 42.0,
    "maxResTime" : 4538.0,
    "pct1ResTime" : 4538.0,
    "pct2ResTime" : 4538.0,
    "pct3ResTime" : 4538.0,
    "throughput" : 0.011377664506806688,
    "receivedKBytesPerSec" : 0.008225844033078663,
    "sentKBytesPerSec" : 0.012377654551350243
  },
  "Admin_WorkflowActor-api/getnewids" : {
    "transaction" : "Admin_WorkflowActor-api/getnewids",
    "sampleCount" : 6,
    "errorCount" : 0,
    "errorPct" : 0.0,
    "meanResTime" : 66.33333333333334,
    "medianResTime" : 48.0,
    "minResTime" : 41.0,
    "maxResTime" : 114.0,
    "pct1ResTime" : 114.0,
    "pct2ResTime" : 114.0,
    "pct3ResTime" : 114.0,
    "throughput" : 0.011310191424989869,
    "receivedKBytesPerSec" : 0.008158653710214046,
    "sentKBytesPerSec" : 0.012304251218201868
  },
  "Login-Admin-/api/auth/token" : {
    "transaction" : "Login-Admin-/api/auth/token",
    "sampleCount" : 101,
    "errorCount" : 0,
    "errorPct" : 0.0,
    "meanResTime" : 1453.6534653465344,
    "medianResTime" : 1190.0,
    "minResTime" : 921.0,
    "maxResTime" : 7059.0,
    "pct1ResTime" : 2133.3999999999996,
    "pct2ResTime" : 3125.6999999999966,
    "pct3ResTime" : 7022.740000000007,
    "throughput" : 0.16853782589541977,
    "receivedKBytesPerSec" : 33.12342217411292,
    "sentKBytesPerSec" : 0.14211090445991134
  },
  "login_Inbox-api/classdef/find" : {
    "transaction" : "login_Inbox-api/classdef/find",
    "sampleCount" : 6,
    "errorCount" : 0,
    "errorPct" : 0.0,
    "meanResTime" : 374.3333333333333,
    "medianResTime" : 355.5,
    "minResTime" : 329.0,
    "maxResTime" : 490.0,
    "pct1ResTime" : 490.0,
    "pct2ResTime" : 490.0,
    "pct3ResTime" : 490.0,
    "throughput" : 0.011309637130292675,
    "receivedKBytesPerSec" : 0.006648829641050968,
    "sentKBytesPerSec" : 0.013054678796880803
  },
  "Home_AccessRequest-request/findRequests" : {
    "transaction" : "Home_AccessRequest-request/findRequests",
    "sampleCount" : 12,
    "errorCount" : 0,
    "errorPct" : 0.0,
    "meanResTime" : 813.5833333333335,
    "medianResTime" : 541.5,
    "minResTime" : 385.0,
    "maxResTime" : 2205.0,
    "pct1ResTime" : 2095.8,
    "pct2ResTime" : 2205.0,
    "pct3ResTime" : 2205.0,
    "throughput" : 0.0227038808500333,
    "receivedKBytesPerSec" : 0.08928567205379306,
    "sentKBytesPerSec" : 0.029022832063177333
  },
  "Settings_Deligation-api/classdef/find-1" : {
    "transaction" : "Settings_Deligation-api/classdef/find-1",
    "sampleCount" : 6,
    "errorCount" : 0,
    "errorPct" : 0.0,
    "meanResTime" : 378.66666666666663,
    "medianResTime" : 343.5,
    "minResTime" : 327.0,
    "maxResTime" : 466.0,
    "pct1ResTime" : 466.0,
    "pct2ResTime" : 466.0,
    "pct3ResTime" : 466.0,
    "throughput" : 0.01131127885318714,
    "receivedKBytesPerSec" : 0.006649794794549472,
    "sentKBytesPerSec" : 0.013343774272119207
  },
  "Admin_LoggingDetails-api/logging/loggingdetails/find" : {
    "transaction" : "Admin_LoggingDetails-api/logging/loggingdetails/find",
    "sampleCount" : 6,
    "errorCount" : 0,
    "errorPct" : 0.0,
    "meanResTime" : 453.83333333333337,
    "medianResTime" : 347.0,
    "minResTime" : 329.0,
    "maxResTime" : 766.0,
    "pct1ResTime" : 766.0,
    "pct2ResTime" : 766.0,
    "pct3ResTime" : 766.0,
    "throughput" : 0.011320968320156985,
    "receivedKBytesPerSec" : 0.00665549114134229,
    "sentKBytesPerSec" : 0.013675818175814638
  },
  "Settings_Deligation-api/classdef/find-2" : {
    "transaction" : "Settings_Deligation-api/classdef/find-2",
    "sampleCount" : 6,
    "errorCount" : 0,
    "errorPct" : 0.0,
    "meanResTime" : 503.6666666666667,
    "medianResTime" : 399.5,
    "minResTime" : 389.0,
    "maxResTime" : 976.0,
    "pct1ResTime" : 976.0,
    "pct2ResTime" : 976.0,
    "pct3ResTime" : 976.0,
    "throughput" : 0.011335555102133351,
    "receivedKBytesPerSec" : 0.1294400837980911,
    "sentKBytesPerSec" : 0.013294923513341949
  },
  "IDM_ManageIdentity-api/country/find" : {
    "transaction" : "IDM_ManageIdentity-api/country/find",
    "sampleCount" : 6,
    "errorCount" : 0,
    "errorPct" : 0.0,
    "meanResTime" : 721.8333333333334,
    "medianResTime" : 397.0,
    "minResTime" : 355.0,
    "maxResTime" : 2347.0,
    "pct1ResTime" : 2347.0,
    "pct2ResTime" : 2347.0,
    "pct3ResTime" : 2347.0,
    "throughput" : 0.01133908981126085,
    "receivedKBytesPerSec" : 0.07715896270006406,
    "sentKBytesPerSec" : 0.012745402707774646
  },
  "Home_Dashboard-api/analyticsdashboard/find" : {
    "transaction" : "Home_Dashboard-api/analyticsdashboard/find",
    "sampleCount" : 6,
    "errorCount" : 0,
    "errorPct" : 0.0,
    "meanResTime" : 393.6666666666667,
    "medianResTime" : 390.0,
    "minResTime" : 348.0,
    "maxResTime" : 443.0,
    "pct1ResTime" : 443.0,
    "pct2ResTime" : 443.0,
    "pct3ResTime" : 443.0,
    "throughput" : 0.011487232897903387,
    "receivedKBytesPerSec" : 0.014684363147808141,
    "sentKBytesPerSec" : 0.013899103086428027
  },
  "PolicyEngine_ManageRule-api/lists/find" : {
    "transaction" : "PolicyEngine_ManageRule-api/lists/find",
    "sampleCount" : 5,
    "errorCount" : 0,
    "errorPct" : 0.0,
    "meanResTime" : 167.2,
    "medianResTime" : 85.0,
    "minResTime" : 44.0,
    "maxResTime" : 410.0,
    "pct1ResTime" : 410.0,
    "pct2ResTime" : 410.0,
    "pct3ResTime" : 410.0,
    "throughput" : 0.011763017543364363,
    "receivedKBytesPerSec" : 0.008640763472772144,
    "sentKBytesPerSec" : 0.014186842447319327
  },
  "IDM_LocationType-api/locationtype/find" : {
    "transaction" : "IDM_LocationType-api/locationtype/find",
    "sampleCount" : 6,
    "errorCount" : 0,
    "errorPct" : 0.0,
    "meanResTime" : 888.1666666666667,
    "medianResTime" : 362.0,
    "minResTime" : 326.0,
    "maxResTime" : 2064.0,
    "pct1ResTime" : 2064.0,
    "pct2ResTime" : 2064.0,
    "pct3ResTime" : 2064.0,
    "throughput" : 0.011360731631117043,
    "receivedKBytesPerSec" : 0.01081710287142492,
    "sentKBytesPerSec" : 0.012825200942940726
  },
  "PolicyEngine_ManagePolicyGroup-api/policygroup/find" : {
    "transaction" : "PolicyEngine_ManagePolicyGroup-api/policygroup/find",
    "sampleCount" : 5,
    "errorCount" : 0,
    "errorPct" : 0.0,
    "meanResTime" : 382.8,
    "medianResTime" : 360.0,
    "minResTime" : 334.0,
    "maxResTime" : 468.0,
    "pct1ResTime" : 468.0,
    "pct2ResTime" : 468.0,
    "pct3ResTime" : 468.0,
    "throughput" : 0.011770411069836203,
    "receivedKBytesPerSec" : 0.017310780342942696,
    "sentKBytesPerSec" : 0.01327619607974689
  },
  "Admin_ProvisioningMonitor-api/system/4425401887751904" : {
    "transaction" : "Admin_ProvisioningMonitor-api/system/4425401887751904",
    "sampleCount" : 6,
    "errorCount" : 0,
    "errorPct" : 0.0,
    "meanResTime" : 820.0,
    "medianResTime" : 358.5,
    "minResTime" : 334.0,
    "maxResTime" : 3155.0,
    "pct1ResTime" : 3155.0,
    "pct2ResTime" : 3155.0,
    "pct3ResTime" : 3155.0,
    "throughput" : 0.011377276166313023,
    "receivedKBytesPerSec" : 0.0066663727536990375,
    "sentKBytesPerSec" : 0.01253278077695419
  },
  "Access_UserProfile-api/assetsubtype/find" : {
    "transaction" : "Access_UserProfile-api/assetsubtype/find",
    "sampleCount" : 6,
    "errorCount" : 0,
    "errorPct" : 0.0,
    "meanResTime" : 780.0,
    "medianResTime" : 396.0,
    "minResTime" : 340.0,
    "maxResTime" : 1898.0,
    "pct1ResTime" : 1898.0,
    "pct2ResTime" : 1898.0,
    "pct3ResTime" : 1898.0,
    "throughput" : 0.011403288708463521,
    "receivedKBytesPerSec" : 0.012884379917668255,
    "sentKBytesPerSec" : 0.012873243893538897
  },
  "Settings_SystemType-api/lists/find" : {
    "transaction" : "Settings_SystemType-api/lists/find",
    "sampleCount" : 5,
    "errorCount" : 0,
    "errorPct" : 0.0,
    "meanResTime" : 165.2,
    "medianResTime" : 124.0,
    "minResTime" : 54.0,
    "maxResTime" : 414.0,
    "pct1ResTime" : 414.0,
    "pct2ResTime" : 414.0,
    "pct3ResTime" : 414.0,
    "throughput" : 0.011804675123535925,
    "receivedKBytesPerSec" : 0.009252375248193294,
    "sentKBytesPerSec" : 0.014225555764104817
  },
  "Access_AccessReview-api/accessreview/find" : {
    "transaction" : "Access_AccessReview-api/accessreview/find",
    "sampleCount" : 6,
    "errorCount" : 0,
    "errorPct" : 0.0,
    "meanResTime" : 1293.0,
    "medianResTime" : 865.0,
    "minResTime" : 623.0,
    "maxResTime" : 3781.0,
    "pct1ResTime" : 3781.0,
    "pct2ResTime" : 3781.0,
    "pct3ResTime" : 3781.0,
    "throughput" : 0.011424110585390466,
    "receivedKBytesPerSec" : 3.240018332127455,
    "sentKBytesPerSec" : 0.013688851258080177
  },
  "Settings_SystemType-api/getnewids" : {
    "transaction" : "Settings_SystemType-api/getnewids",
    "sampleCount" : 5,
    "errorCount" : 0,
    "errorPct" : 0.0,
    "meanResTime" : 293.2,
    "medianResTime" : 67.0,
    "minResTime" : 40.0,
    "maxResTime" : 1212.0,
    "pct1ResTime" : 1212.0,
    "pct2ResTime" : 1212.0,
    "pct3ResTime" : 1212.0,
    "throughput" : 0.011772849924418304,
    "receivedKBytesPerSec" : 0.008539914964704996,
    "sentKBytesPerSec" : 0.012807573062306631
  },
  "Home_MyRequests-api/request/findRequests-1" : {
    "transaction" : "Home_MyRequests-api/request/findRequests-1",
    "sampleCount" : 6,
    "errorCount" : 0,
    "errorPct" : 0.0,
    "meanResTime" : 668.6666666666666,
    "medianResTime" : 446.0,
    "minResTime" : 378.0,
    "maxResTime" : 1863.0,
    "pct1ResTime" : 1863.0,
    "pct2ResTime" : 1863.0,
    "pct3ResTime" : 1863.0,
    "throughput" : 0.011324408441214052,
    "receivedKBytesPerSec" : 0.04453456327418847,
    "sentKBytesPerSec" : 0.014476221337450386
  },
  "Admin_ProvisioningMonitor-api/action/find" : {
    "transaction" : "Admin_ProvisioningMonitor-api/action/find",
    "sampleCount" : 6,
    "errorCount" : 0,
    "errorPct" : 0.0,
    "meanResTime" : 669.6666666666666,
    "medianResTime" : 495.0,
    "minResTime" : 459.0,
    "maxResTime" : 1441.0,
    "pct1ResTime" : 1441.0,
    "pct2ResTime" : 1441.0,
    "pct3ResTime" : 1441.0,
    "throughput" : 0.011300179861196124,
    "receivedKBytesPerSec" : 0.06903703633949507,
    "sentKBytesPerSec" : 0.01269063168005424
  },
  "login_Inbox-api/assettype/find" : {
    "transaction" : "login_Inbox-api/assettype/find",
    "sampleCount" : 6,
    "errorCount" : 0,
    "errorPct" : 0.0,
    "meanResTime" : 466.3333333333333,
    "medianResTime" : 402.0,
    "minResTime" : 337.0,
    "maxResTime" : 824.0,
    "pct1ResTime" : 824.0,
    "pct2ResTime" : 824.0,
    "pct3ResTime" : 824.0,
    "throughput" : 0.01146569845213071,
    "receivedKBytesPerSec" : 0.015552592919931206,
    "sentKBytesPerSec" : 0.012910107729791707
  },
  "Settings_Jobtype-api/jobtype/find" : {
    "transaction" : "Settings_Jobtype-api/jobtype/find",
    "sampleCount" : 5,
    "errorCount" : 0,
    "errorPct" : 0.0,
    "meanResTime" : 682.0,
    "medianResTime" : 399.0,
    "minResTime" : 357.0,
    "maxResTime" : 1640.0,
    "pct1ResTime" : 1640.0,
    "pct2ResTime" : 1640.0,
    "pct3ResTime" : 1640.0,
    "throughput" : 0.011774929291549604,
    "receivedKBytesPerSec" : 0.053596626394446005,
    "sentKBytesPerSec" : 0.013235296498607026
  },
  "Settings_MessageMaster-api/messagemaster/find" : {
    "transaction" : "Settings_MessageMaster-api/messagemaster/find",
    "sampleCount" : 5,
    "errorCount" : 0,
    "errorPct" : 0.0,
    "meanResTime" : 2004.6,
    "medianResTime" : 1796.0,
    "minResTime" : 1341.0,
    "maxResTime" : 3590.0,
    "pct1ResTime" : 3590.0,
    "pct2ResTime" : 3590.0,
    "pct3ResTime" : 3590.0,
    "throughput" : 0.011808327232364264,
    "receivedKBytesPerSec" : 0.3714318556195829,
    "sentKBytesPerSec" : 0.013342025984224074
  },
  "Admin_WorkflowActor-api/access/4544722992649616" : {
    "transaction" : "Admin_WorkflowActor-api/access/4544722992649616",
    "sampleCount" : 6,
    "errorCount" : 0,
    "errorPct" : 0.0,
    "meanResTime" : 1037.6666666666665,
    "medianResTime" : 532.5,
    "minResTime" : 348.0,
    "maxResTime" : 3667.0,
    "pct1ResTime" : 3667.0,
    "pct2ResTime" : 3667.0,
    "pct3ResTime" : 3667.0,
    "throughput" : 0.011322762905119022,
    "receivedKBytesPerSec" : 0.006634431389718177,
    "sentKBytesPerSec" : 0.012472731012670173
  },
  "Admin_CompanySetup-api/classdef/find" : {
    "transaction" : "Admin_CompanySetup-api/classdef/find",
    "sampleCount" : 6,
    "errorCount" : 0,
    "errorPct" : 0.0,
    "meanResTime" : 612.8333333333334,
    "medianResTime" : 396.0,
    "minResTime" : 336.0,
    "maxResTime" : 1564.0,
    "pct1ResTime" : 1564.0,
    "pct2ResTime" : 1564.0,
    "pct3ResTime" : 1564.0,
    "throughput" : 0.011333670824864563,
    "receivedKBytesPerSec" : 0.006662958824773894,
    "sentKBytesPerSec" : 0.013336985687462694
  },
  "Access_AnalyticsMasterConfig-api/analytics/find" : {
    "transaction" : "Access_AnalyticsMasterConfig-api/analytics/find",
    "sampleCount" : 6,
    "errorCount" : 0,
    "errorPct" : 0.0,
    "meanResTime" : 1319.6666666666665,
    "medianResTime" : 781.0,
    "minResTime" : 634.0,
    "maxResTime" : 4071.0,
    "pct1ResTime" : 4071.0,
    "pct2ResTime" : 4071.0,
    "pct3ResTime" : 4071.0,
    "throughput" : 0.011490378722882706,
    "receivedKBytesPerSec" : 0.41237630188384755,
    "sentKBytesPerSec" : 0.014632279154920946
  },
  "Access_ManageAccess-api/access/find" : {
    "transaction" : "Access_ManageAccess-api/access/find",
    "sampleCount" : 6,
    "errorCount" : 0,
    "errorPct" : 0.0,
    "meanResTime" : 1418.6666666666665,
    "medianResTime" : 628.0,
    "minResTime" : 477.0,
    "maxResTime" : 5542.0,
    "pct1ResTime" : 5542.0,
    "pct2ResTime" : 5542.0,
    "pct3ResTime" : 5542.0,
    "throughput" : 0.01138578257330072,
    "receivedKBytesPerSec" : 0.03817128083412243,
    "sentKBytesPerSec" : 0.015177337121636214
  },
  "PolicyEngine_ManageResponseCodeType-api/responsecodetype/find" : {
    "transaction" : "PolicyEngine_ManageResponseCodeType-api/responsecodetype/find",
    "sampleCount" : 5,
    "errorCount" : 0,
    "errorPct" : 0.0,
    "meanResTime" : 410.2,
    "medianResTime" : 386.0,
    "minResTime" : 335.0,
    "maxResTime" : 510.0,
    "pct1ResTime" : 510.0,
    "pct2ResTime" : 510.0,
    "pct3ResTime" : 510.0,
    "throughput" : 0.011763321962122103,
    "receivedKBytesPerSec" : 0.012303240059992941,
    "sentKBytesPerSec" : 0.013325638160216445
  },
  "Settings_MessageMaster-api/getnewids" : {
    "transaction" : "Settings_MessageMaster-api/getnewids",
    "sampleCount" : 5,
    "errorCount" : 0,
    "errorPct" : 0.0,
    "meanResTime" : 725.6,
    "medianResTime" : 496.0,
    "minResTime" : 250.0,
    "maxResTime" : 1647.0,
    "pct1ResTime" : 1647.0,
    "pct2ResTime" : 1647.0,
    "pct3ResTime" : 1647.0,
    "throughput" : 0.01180088601052167,
    "receivedKBytesPerSec" : 0.00852567917049212,
    "sentKBytesPerSec" : 0.012838073257540177
  },
  "IDM_LocationHierarchy-api/lists/find-1" : {
    "transaction" : "IDM_LocationHierarchy-api/lists/find-1",
    "sampleCount" : 6,
    "errorCount" : 0,
    "errorPct" : 0.0,
    "meanResTime" : 395.66666666666663,
    "medianResTime" : 86.5,
    "minResTime" : 50.0,
    "maxResTime" : 1929.0,
    "pct1ResTime" : 1929.0,
    "pct2ResTime" : 1929.0,
    "pct3ResTime" : 1929.0,
    "throughput" : 0.01140482766354998,
    "receivedKBytesPerSec" : 0.01337802619974035,
    "sentKBytesPerSec" : 0.013688020701663015
  },
  "IDM_LocationHierarchy-api/lists/find-2" : {
    "transaction" : "IDM_LocationHierarchy-api/lists/find-2",
    "sampleCount" : 6,
    "errorCount" : 0,
    "errorPct" : 0.0,
    "meanResTime" : 212.33333333333334,
    "medianResTime" : 74.5,
    "minResTime" : 44.0,
    "maxResTime" : 623.0,
    "pct1ResTime" : 623.0,
    "pct2ResTime" : 623.0,
    "pct3ResTime" : 623.0,
    "throughput" : 0.01144147305151714,
    "receivedKBytesPerSec" : 0.0067151614296501955,
    "sentKBytesPerSec" : 0.013698482383945325
  },
  "IDM_ManageIdentity-api/lists/find" : {
    "transaction" : "IDM_ManageIdentity-api/lists/find",
    "sampleCount" : 6,
    "errorCount" : 0,
    "errorPct" : 0.0,
    "meanResTime" : 174.5,
    "medianResTime" : 77.5,
    "minResTime" : 42.0,
    "maxResTime" : 670.0,
    "pct1ResTime" : 670.0,
    "pct2ResTime" : 670.0,
    "pct3ResTime" : 670.0,
    "throughput" : 0.011424067082121908,
    "receivedKBytesPerSec" : 0.009216975997083056,
    "sentKBytesPerSec" : 0.013733424392668035
  },
  "IDM_OrganizationType-api/organisationtype/find" : {
    "transaction" : "IDM_OrganizationType-api/organisationtype/find",
    "sampleCount" : 6,
    "errorCount" : 0,
    "errorPct" : 0.0,
    "meanResTime" : 462.3333333333333,
    "medianResTime" : 362.5,
    "minResTime" : 327.0,
    "maxResTime" : 692.0,
    "pct1ResTime" : 692.0,
    "pct2ResTime" : 692.0,
    "pct3ResTime" : 692.0,
    "throughput" : 0.011339818449506623,
    "receivedKBytesPerSec" : 0.010564635547684881,
    "sentKBytesPerSec" : 0.012845888087331721
  },
  "Card_ManageCardSubType-api/assetsubtype/find" : {
    "transaction" : "Card_ManageCardSubType-api/assetsubtype/find",
    "sampleCount" : 6,
    "errorCount" : 0,
    "errorPct" : 0.0,
    "meanResTime" : 1148.1666666666667,
    "medianResTime" : 420.0,
    "minResTime" : 329.0,
    "maxResTime" : 4739.0,
    "pct1ResTime" : 4739.0,
    "pct2ResTime" : 4739.0,
    "pct3ResTime" : 4739.0,
    "throughput" : 0.011329861360263154,
    "receivedKBytesPerSec" : 0.012801415618969211,
    "sentKBytesPerSec" : 0.012790351301234579
  },
  "IDM_LocationHierarchy-api/classdef/find" : {
    "transaction" : "IDM_LocationHierarchy-api/classdef/find",
    "sampleCount" : 6,
    "errorCount" : 0,
    "errorPct" : 0.0,
    "meanResTime" : 792.0,
    "medianResTime" : 375.5,
    "minResTime" : 338.0,
    "maxResTime" : 2411.0,
    "pct1ResTime" : 2411.0,
    "pct2ResTime" : 2411.0,
    "pct3ResTime" : 2411.0,
    "throughput" : 0.011354131579246161,
    "receivedKBytesPerSec" : 0.030492052580983343,
    "sentKBytesPerSec" : 0.013316710963549453
  },
  "Inbox-api/workflow/getdocstatus/workflowId" : {
    "transaction" : "Inbox-api/workflow/getdocstatus/workflowId",
    "sampleCount" : 6,
    "errorCount" : 0,
    "errorPct" : 0.0,
    "meanResTime" : 723.5,
    "medianResTime" : 518.5,
    "minResTime" : 439.0,
    "maxResTime" : 1805.0,
    "pct1ResTime" : 1805.0,
    "pct2ResTime" : 1805.0,
    "pct3ResTime" : 1805.0,
    "throughput" : 0.011547344110854504,
    "receivedKBytesPerSec" : 0.015595680571593534,
    "sentKBytesPerSec" : 0.01288927179561201
  },
  "PolicyEngine_ManageMitigation-api/getnewids" : {
    "transaction" : "PolicyEngine_ManageMitigation-api/getnewids",
    "sampleCount" : 5,
    "errorCount" : 0,
    "errorPct" : 0.0,
    "meanResTime" : 144.0,
    "medianResTime" : 88.0,
    "minResTime" : 39.0,
    "maxResTime" : 269.0,
    "pct1ResTime" : 269.0,
    "pct2ResTime" : 269.0,
    "pct3ResTime" : 269.0,
    "throughput" : 0.01176218739046463,
    "receivedKBytesPerSec" : 0.008506910138064556,
    "sentKBytesPerSec" : 0.012795973391579686
  },
  "Settings_CardDesigner-api/badgedesigner/find" : {
    "transaction" : "Settings_CardDesigner-api/badgedesigner/find",
    "sampleCount" : 6,
    "errorCount" : 0,
    "errorPct" : 0.0,
    "meanResTime" : 504.00000000000006,
    "medianResTime" : 373.5,
    "minResTime" : 338.0,
    "maxResTime" : 1207.0,
    "pct1ResTime" : 1207.0,
    "pct2ResTime" : 1207.0,
    "pct3ResTime" : 1207.0,
    "throughput" : 0.011305502953562648,
    "receivedKBytesPerSec" : 0.05383362539215963,
    "sentKBytesPerSec" : 0.013557771120092705
  },
  "IDM_OrganizationHierarchy-api/getnewids" : {
    "transaction" : "IDM_OrganizationHierarchy-api/getnewids",
    "sampleCount" : 6,
    "errorCount" : 0,
    "errorPct" : 0.0,
    "meanResTime" : 197.33333333333334,
    "medianResTime" : 57.0,
    "minResTime" : 40.0,
    "maxResTime" : 750.0,
    "pct1ResTime" : 750.0,
    "pct2ResTime" : 750.0,
    "pct3ResTime" : 750.0,
    "throughput" : 0.011321673267831164,
    "receivedKBytesPerSec" : 0.008172464346163933,
    "sentKBytesPerSec" : 0.012316742207386638
  },
  "Access_UserProfile-api/classdef/find" : {
    "transaction" : "Access_UserProfile-api/classdef/find",
    "sampleCount" : 6,
    "errorCount" : 0,
    "errorPct" : 0.0,
    "meanResTime" : 719.5,
    "medianResTime" : 443.5,
    "minResTime" : 339.0,
    "maxResTime" : 2066.0,
    "pct1ResTime" : 2066.0,
    "pct2ResTime" : 2066.0,
    "pct3ResTime" : 2066.0,
    "throughput" : 0.01137078617615622,
    "receivedKBytesPerSec" : 0.12984238550565885,
    "sentKBytesPerSec" : 0.013336244333558222
  },
  "login_Inbox-api/activity/find" : {
    "transaction" : "login_Inbox-api/activity/find",
    "sampleCount" : 6,
    "errorCount" : 0,
    "errorPct" : 0.0,
    "meanResTime" : 434.6666666666667,
    "medianResTime" : 391.0,
    "minResTime" : 342.0,
    "maxResTime" : 652.0,
    "pct1ResTime" : 652.0,
    "pct2ResTime" : 652.0,
    "pct3ResTime" : 652.0,
    "throughput" : 0.011300648092168086,
    "receivedKBytesPerSec" : 0.060222301405235594,
    "sentKBytesPerSec" : 0.012724264892841605
  },
  "IdentityCreation" : {
    "transaction" : "IdentityCreation",
    "sampleCount" : 50,
    "errorCount" : 0,
    "errorPct" : 0.0,
    "meanResTime" : 1188.1200000000001,
    "medianResTime" : 860.0,
    "minResTime" : 645.0,
    "maxResTime" : 6087.0,
    "pct1ResTime" : 2121.7999999999993,
    "pct2ResTime" : 3895.4499999999975,
    "pct3ResTime" : 6087.0,
    "throughput" : 0.08578242146619315,
    "receivedKBytesPerSec" : 0.07740355643196596,
    "sentKBytesPerSec" : 0.10622276408118449
  },
  "Access_UserProfile-api/system/find" : {
    "transaction" : "Access_UserProfile-api/system/find",
    "sampleCount" : 6,
    "errorCount" : 0,
    "errorPct" : 0.0,
    "meanResTime" : 409.1666666666667,
    "medianResTime" : 365.5,
    "minResTime" : 336.0,
    "maxResTime" : 634.0,
    "pct1ResTime" : 634.0,
    "pct2ResTime" : 634.0,
    "pct3ResTime" : 634.0,
    "throughput" : 0.011504721729543166,
    "receivedKBytesPerSec" : 0.006763518048032213,
    "sentKBytesPerSec" : 0.013538271175878434
  },
  "VIM_VisitorDashboard-/api/tpm/visitui/find" : {
    "transaction" : "VIM_VisitorDashboard-/api/tpm/visitui/find",
    "sampleCount" : 5,
    "errorCount" : 0,
    "errorPct" : 0.0,
    "meanResTime" : 1569.6,
    "medianResTime" : 1454.0,
    "minResTime" : 1322.0,
    "maxResTime" : 2071.0,
    "pct1ResTime" : 2071.0,
    "pct2ResTime" : 2071.0,
    "pct3ResTime" : 2071.0,
    "throughput" : 0.011739183516308073,
    "receivedKBytesPerSec" : 0.32471682154562787,
    "sentKBytesPerSec" : 0.018457114708257814
  },
  "Access_AccessGrouptype-api/accessgrouptype/find" : {
    "transaction" : "Access_AccessGrouptype-api/accessgrouptype/find",
    "sampleCount" : 6,
    "errorCount" : 0,
    "errorPct" : 0.0,
    "meanResTime" : 1259.0,
    "medianResTime" : 362.0,
    "minResTime" : 336.0,
    "maxResTime" : 4466.0,
    "pct1ResTime" : 4466.0,
    "pct2ResTime" : 4466.0,
    "pct3ResTime" : 4466.0,
    "throughput" : 0.011399605573647153,
    "receivedKBytesPerSec" : 0.010108244004757436,
    "sentKBytesPerSec" : 0.01290248326157915
  },
  "PolicyEngine_ManageResponse-api/responsecode/find-1" : {
    "transaction" : "PolicyEngine_ManageResponse-api/responsecode/find-1",
    "sampleCount" : 5,
    "errorCount" : 0,
    "errorPct" : 0.0,
    "meanResTime" : 825.6,
    "medianResTime" : 850.0,
    "minResTime" : 716.0,
    "maxResTime" : 922.0,
    "pct1ResTime" : 922.0,
    "pct2ResTime" : 922.0,
    "pct3ResTime" : 922.0,
    "throughput" : 0.011748230716454101,
    "receivedKBytesPerSec" : 0.5802065662036298,
    "sentKBytesPerSec" : 0.014983583316102595
  },
  "Admin_Recipient-api/recipient/find" : {
    "transaction" : "Admin_Recipient-api/recipient/find",
    "sampleCount" : 6,
    "errorCount" : 0,
    "errorPct" : 0.0,
    "meanResTime" : 468.83333333333337,
    "medianResTime" : 376.0,
    "minResTime" : 319.0,
    "maxResTime" : 773.0,
    "pct1ResTime" : 773.0,
    "pct2ResTime" : 773.0,
    "pct3ResTime" : 773.0,
    "throughput" : 0.01131127885318714,
    "receivedKBytesPerSec" : 0.06323932757275039,
    "sentKBytesPerSec" : 0.013520513004200256
  },
  "PolicyEngine_ManagePolicy-api/lists/find" : {
    "transaction" : "PolicyEngine_ManagePolicy-api/lists/find",
    "sampleCount" : 5,
    "errorCount" : 0,
    "errorPct" : 0.0,
    "meanResTime" : 79.6,
    "medianResTime" : 88.0,
    "minResTime" : 48.0,
    "maxResTime" : 96.0,
    "pct1ResTime" : 96.0,
    "pct2ResTime" : 96.0,
    "pct3ResTime" : 96.0,
    "throughput" : 0.011769192021429344,
    "receivedKBytesPerSec" : 0.008762531247204816,
    "sentKBytesPerSec" : 0.014159809150782179
  },
  "login_Inbox-api/prerequisite/find" : {
    "transaction" : "login_Inbox-api/prerequisite/find",
    "sampleCount" : 6,
    "errorCount" : 0,
    "errorPct" : 0.0,
    "meanResTime" : 382.5,
    "medianResTime" : 342.0,
    "minResTime" : 322.0,
    "maxResTime" : 588.0,
    "pct1ResTime" : 588.0,
    "pct2ResTime" : 588.0,
    "pct3ResTime" : 588.0,
    "throughput" : 0.011481144134283462,
    "receivedKBytesPerSec" : 0.017939287709817908,
    "sentKBytesPerSec" : 0.01375719126246661
  },
  "Settings_Jobtype-api/getnewids" : {
    "transaction" : "Settings_Jobtype-api/getnewids",
    "sampleCount" : 5,
    "errorCount" : 0,
    "errorPct" : 0.0,
    "meanResTime" : 60.2,
    "medianResTime" : 48.0,
    "minResTime" : 39.0,
    "maxResTime" : 122.0,
    "pct1ResTime" : 122.0,
    "pct2ResTime" : 122.0,
    "pct3ResTime" : 122.0,
    "throughput" : 0.011784781604427306,
    "receivedKBytesPerSec" : 0.008530156372267108,
    "sentKBytesPerSec" : 0.012820553425128925
  },
  "Settings_ManageScreenControlSet-api/activity/find" : {
    "transaction" : "Settings_ManageScreenControlSet-api/activity/find",
    "sampleCount" : 5,
    "errorCount" : 0,
    "errorPct" : 0.0,
    "meanResTime" : 371.2,
    "medianResTime" : 348.0,
    "minResTime" : 335.0,
    "maxResTime" : 470.0,
    "pct1ResTime" : 470.0,
    "pct2ResTime" : 470.0,
    "pct3ResTime" : 470.0,
    "throughput" : 0.01176492733980875,
    "receivedKBytesPerSec" : 0.06268500348241848,
    "sentKBytesPerSec" : 0.013235543257284842
  },
  "login_Inbox-api/docnumberrange/find" : {
    "transaction" : "login_Inbox-api/docnumberrange/find",
    "sampleCount" : 6,
    "errorCount" : 0,
    "errorPct" : 0.0,
    "meanResTime" : 490.49999999999994,
    "medianResTime" : 402.5,
    "minResTime" : 374.0,
    "maxResTime" : 957.0,
    "pct1ResTime" : 957.0,
    "pct2ResTime" : 957.0,
    "pct3ResTime" : 957.0,
    "throughput" : 0.011341426070914156,
    "receivedKBytesPerSec" : 0.026625769799294565,
    "sentKBytesPerSec" : 0.01282555799816269
  },
  "Admin_ProvisioningMonitor-api/provisioninglog/find-2" : {
    "transaction" : "Admin_ProvisioningMonitor-api/provisioninglog/find-2",
    "sampleCount" : 6,
    "errorCount" : 0,
    "errorPct" : 0.0,
    "meanResTime" : 888.0,
    "medianResTime" : 640.5,
    "minResTime" : 497.0,
    "maxResTime" : 2177.0,
    "pct1ResTime" : 2177.0,
    "pct2ResTime" : 2177.0,
    "pct3ResTime" : 2177.0,
    "throughput" : 0.0113413617573062,
    "receivedKBytesPerSec" : 0.036560385899284925,
    "sentKBytesPerSec" : 0.013634000315667902
  },
  "login_Inbox-api/lists/find-4" : {
    "transaction" : "login_Inbox-api/lists/find-4",
    "sampleCount" : 6,
    "errorCount" : 0,
    "errorPct" : 0.0,
    "meanResTime" : 199.66666666666669,
    "medianResTime" : 83.0,
    "minResTime" : 46.0,
    "maxResTime" : 822.0,
    "pct1ResTime" : 822.0,
    "pct2ResTime" : 822.0,
    "pct3ResTime" : 822.0,
    "throughput" : 0.011379347622000829,
    "receivedKBytesPerSec" : 0.00982728165402611,
    "sentKBytesPerSec" : 0.013724115540206082
  },
  "login_Inbox-api/messagelog/header/status/count" : {
    "transaction" : "login_Inbox-api/messagelog/header/status/count",
    "sampleCount" : 6,
    "errorCount" : 0,
    "errorPct" : 0.0,
    "meanResTime" : 413.0,
    "medianResTime" : 380.0,
    "minResTime" : 343.0,
    "maxResTime" : 587.0,
    "pct1ResTime" : 587.0,
    "pct2ResTime" : 587.0,
    "pct3ResTime" : 587.0,
    "throughput" : 0.011416546000117971,
    "receivedKBytesPerSec" : 0.006711680363350604,
    "sentKBytesPerSec" : 0.012698677630990595
  },
  "Admin_ProvisioningMonitor-api/provisioninglog/find-1" : {
    "transaction" : "Admin_ProvisioningMonitor-api/provisioninglog/find-1",
    "sampleCount" : 6,
    "errorCount" : 0,
    "errorPct" : 0.0,
    "meanResTime" : 761.1666666666666,
    "medianResTime" : 647.0,
    "minResTime" : 473.0,
    "maxResTime" : 1243.0,
    "pct1ResTime" : 1243.0,
    "pct2ResTime" : 1243.0,
    "pct3ResTime" : 1243.0,
    "throughput" : 0.011324600807821524,
    "receivedKBytesPerSec" : 0.03646396122739798,
    "sentKBytesPerSec" : 0.013602791985957494
  },
  "login_Inbox-api/lists/find-5" : {
    "transaction" : "login_Inbox-api/lists/find-5",
    "sampleCount" : 6,
    "errorCount" : 0,
    "errorPct" : 0.0,
    "meanResTime" : 131.5,
    "medianResTime" : 74.0,
    "minResTime" : 44.0,
    "maxResTime" : 289.0,
    "pct1ResTime" : 289.0,
    "pct2ResTime" : 289.0,
    "pct3ResTime" : 289.0,
    "throughput" : 0.011398674334174935,
    "receivedKBytesPerSec" : 0.009498895278479113,
    "sentKBytesPerSec" : 0.013702898540399753
  },
  "login_Inbox-api/requesttype/find" : {
    "transaction" : "login_Inbox-api/requesttype/find",
    "sampleCount" : 6,
    "errorCount" : 0,
    "errorPct" : 0.0,
    "meanResTime" : 1073.8333333333333,
    "medianResTime" : 893.5,
    "minResTime" : 756.0,
    "maxResTime" : 2146.0,
    "pct1ResTime" : 2146.0,
    "pct2ResTime" : 2146.0,
    "pct3ResTime" : 2146.0,
    "throughput" : 0.01142761368571015,
    "receivedKBytesPerSec" : 0.737698590499082,
    "sentKBytesPerSec" : 0.012677508932584697
  },
  "Settings_ListEntries-api/lists/find" : {
    "transaction" : "Settings_ListEntries-api/lists/find",
    "sampleCount" : 5,
    "errorCount" : 0,
    "errorPct" : 0.0,
    "meanResTime" : 488.2,
    "medianResTime" : 368.0,
    "minResTime" : 314.0,
    "maxResTime" : 908.0,
    "pct1ResTime" : 908.0,
    "pct2ResTime" : 908.0,
    "pct3ResTime" : 908.0,
    "throughput" : 0.011775622577165655,
    "receivedKBytesPerSec" : 0.6013962245293284,
    "sentKBytesPerSec" : 0.013443069133502588
  },
  "login_Inbox-api/lists/find-1" : {
    "transaction" : "login_Inbox-api/lists/find-1",
    "sampleCount" : 6,
    "errorCount" : 0,
    "errorPct" : 0.0,
    "meanResTime" : 195.66666666666669,
    "medianResTime" : 89.0,
    "minResTime" : 50.0,
    "maxResTime" : 776.0,
    "pct1ResTime" : 776.0,
    "pct2ResTime" : 776.0,
    "pct3ResTime" : 776.0,
    "throughput" : 0.011355227473594364,
    "receivedKBytesPerSec" : 0.00927602322427899,
    "sentKBytesPerSec" : 0.013728292590146313
  },
  "login_Inbox-api/lists/find-2" : {
    "transaction" : "login_Inbox-api/lists/find-2",
    "sampleCount" : 6,
    "errorCount" : 0,
    "errorPct" : 0.0,
    "meanResTime" : 275.1666666666667,
    "medianResTime" : 156.0,
    "minResTime" : 52.0,
    "maxResTime" : 905.0,
    "pct1ResTime" : 905.0,
    "pct2ResTime" : 905.0,
    "pct3ResTime" : 905.0,
    "throughput" : 0.011365466031463399,
    "receivedKBytesPerSec" : 0.00917154631900969,
    "sentKBytesPerSec" : 0.013662977231183052
  },
  "Admin_WorkflowActor-api/recipient/find" : {
    "transaction" : "Admin_WorkflowActor-api/recipient/find",
    "sampleCount" : 12,
    "errorCount" : 0,
    "errorPct" : 0.0,
    "meanResTime" : 436.33333333333337,
    "medianResTime" : 360.0,
    "minResTime" : 307.0,
    "maxResTime" : 894.0,
    "pct1ResTime" : 880.8000000000001,
    "pct2ResTime" : 894.0,
    "pct3ResTime" : 894.0,
    "throughput" : 0.02256856612495839,
    "receivedKBytesPerSec" : 0.11849599196370976,
    "sentKBytesPerSec" : 0.02698750900391753
  },
  "login_Inbox-api/lists/find-3" : {
    "transaction" : "login_Inbox-api/lists/find-3",
    "sampleCount" : 6,
    "errorCount" : 0,
    "errorPct" : 0.0,
    "meanResTime" : 81.16666666666667,
    "medianResTime" : 58.0,
    "minResTime" : 45.0,
    "maxResTime" : 187.0,
    "pct1ResTime" : 187.0,
    "pct2ResTime" : 187.0,
    "pct3ResTime" : 187.0,
    "throughput" : 0.011380534733392006,
    "receivedKBytesPerSec" : 0.010363621717664107,
    "sentKBytesPerSec" : 0.013625523030408789
  },
  "Settings_ConfigureProvisioningAction-api/lists/find-3" : {
    "transaction" : "Settings_ConfigureProvisioningAction-api/lists/find-3",
    "sampleCount" : 6,
    "errorCount" : 0,
    "errorPct" : 0.0,
    "meanResTime" : 104.33333333333334,
    "medianResTime" : 98.5,
    "minResTime" : 47.0,
    "maxResTime" : 203.0,
    "pct1ResTime" : 203.0,
    "pct2ResTime" : 203.0,
    "pct3ResTime" : 203.0,
    "throughput" : 0.011308145068423701,
    "receivedKBytesPerSec" : 0.011081761304846859,
    "sentKBytesPerSec" : 0.01362719825628403
  },
  "Settings_ConfigureProvisioningAction-api/lists/find-1" : {
    "transaction" : "Settings_ConfigureProvisioningAction-api/lists/find-1",
    "sampleCount" : 6,
    "errorCount" : 0,
    "errorPct" : 0.0,
    "meanResTime" : 105.33333333333333,
    "medianResTime" : 96.0,
    "minResTime" : 52.0,
    "maxResTime" : 181.0,
    "pct1ResTime" : 181.0,
    "pct2ResTime" : 181.0,
    "pct3ResTime" : 181.0,
    "throughput" : 0.011302202045698569,
    "receivedKBytesPerSec" : 0.008669804401265847,
    "sentKBytesPerSec" : 0.01367522298302786
  },
  "Settings_ConfigureProvisioningAction-api/lists/find-2" : {
    "transaction" : "Settings_ConfigureProvisioningAction-api/lists/find-2",
    "sampleCount" : 6,
    "errorCount" : 0,
    "errorPct" : 0.0,
    "meanResTime" : 106.66666666666667,
    "medianResTime" : 68.5,
    "minResTime" : 49.0,
    "maxResTime" : 298.0,
    "pct1ResTime" : 298.0,
    "pct2ResTime" : 298.0,
    "pct3ResTime" : 298.0,
    "throughput" : 0.011307377875607537,
    "receivedKBytesPerSec" : 0.010262034348044862,
    "sentKBytesPerSec" : 0.013714612618656797
  },
  "PolicyEngine_ManagePolicy-api/policy/find" : {
    "transaction" : "PolicyEngine_ManagePolicy-api/policy/find",
    "sampleCount" : 5,
    "errorCount" : 0,
    "errorPct" : 0.0,
    "meanResTime" : 389.8,
    "medianResTime" : 366.0,
    "minResTime" : 344.0,
    "maxResTime" : 484.0,
    "pct1ResTime" : 484.0,
    "pct2ResTime" : 484.0,
    "pct3ResTime" : 484.0,
    "throughput" : 0.011755937336151623,
    "receivedKBytesPerSec" : 0.0069112053480110125,
    "sentKBytesPerSec" : 0.015188579195047458
  },
  "Access_AnalyticsMasterConfig-api/getnewids" : {
    "transaction" : "Access_AnalyticsMasterConfig-api/getnewids",
    "sampleCount" : 6,
    "errorCount" : 0,
    "errorPct" : 0.0,
    "meanResTime" : 825.5,
    "medianResTime" : 205.5,
    "minResTime" : 45.0,
    "maxResTime" : 3940.0,
    "pct1ResTime" : 3940.0,
    "pct2ResTime" : 3940.0,
    "pct3ResTime" : 3940.0,
    "throughput" : 0.011419305477840837,
    "receivedKBytesPerSec" : 0.008259666917891387,
    "sentKBytesPerSec" : 0.01242295537335419
  },
  "Settings_Deligation-api/identity/find" : {
    "transaction" : "Settings_Deligation-api/identity/find",
    "sampleCount" : 6,
    "errorCount" : 0,
    "errorPct" : 0.0,
    "meanResTime" : 417.0,
    "medianResTime" : 361.5,
    "minResTime" : 344.0,
    "maxResTime" : 674.0,
    "pct1ResTime" : 674.0,
    "pct2ResTime" : 674.0,
    "pct3ResTime" : 674.0,
    "throughput" : 0.011346122935242002,
    "receivedKBytesPerSec" : 0.006670279303726255,
    "sentKBytesPerSec" : 0.013517841778315666
  },
  "login_Inbox-api/getnewids" : {
    "transaction" : "login_Inbox-api/getnewids",
    "sampleCount" : 6,
    "errorCount" : 0,
    "errorPct" : 0.0,
    "meanResTime" : 53.33333333333333,
    "medianResTime" : 43.0,
    "minResTime" : 36.0,
    "maxResTime" : 100.0,
    "pct1ResTime" : 100.0,
    "pct2ResTime" : 100.0,
    "pct3ResTime" : 100.0,
    "throughput" : 0.011493746444122195,
    "receivedKBytesPerSec" : 0.008313510611601405,
    "sentKBytesPerSec" : 0.01250393900268762
  },
  "AssetCreation" : {
    "transaction" : "AssetCreation",
    "sampleCount" : 50,
    "errorCount" : 0,
    "errorPct" : 0.0,
    "meanResTime" : 707.4799999999999,
    "medianResTime" : 461.5,
    "minResTime" : 389.0,
    "maxResTime" : 4001.0,
    "pct1ResTime" : 1432.3999999999992,
    "pct2ResTime" : 2593.2999999999975,
    "pct3ResTime" : 4001.0,
    "throughput" : 0.08661473247307581,
    "receivedKBytesPerSec" : 0.08302157443063805,
    "sentKBytesPerSec" : 0.10522336640283819
  },
  "api/getnewids" : {
    "transaction" : "api/getnewids",
    "sampleCount" : 150,
    "errorCount" : 0,
    "errorPct" : 0.0,
    "meanResTime" : 286.66666666666674,
    "medianResTime" : 53.5,
    "minResTime" : 37.0,
    "maxResTime" : 5076.0,
    "pct1ResTime" : 916.4000000000001,
    "pct2ResTime" : 1378.249999999998,
    "pct3ResTime" : 4268.670000000015,
    "throughput" : 0.25248402196947634,
    "receivedKBytesPerSec" : 0.18226847846395455,
    "sentKBytesPerSec" : 0.2702368047642052
  },
  "IDM_ManageIdentityType-api/lists/find" : {
    "transaction" : "IDM_ManageIdentityType-api/lists/find",
    "sampleCount" : 6,
    "errorCount" : 0,
    "errorPct" : 0.0,
    "meanResTime" : 217.33333333333334,
    "medianResTime" : 78.0,
    "minResTime" : 50.0,
    "maxResTime" : 813.0,
    "pct1ResTime" : 813.0,
    "pct2ResTime" : 813.0,
    "pct3ResTime" : 813.0,
    "throughput" : 0.011355915201595885,
    "receivedKBytesPerSec" : 0.007886668321160422,
    "sentKBytesPerSec" : 0.013718034281615341
  },
  "Recon_ReconMonitor-api/reconmonitor/find-1" : {
    "transaction" : "Recon_ReconMonitor-api/reconmonitor/find-1",
    "sampleCount" : 6,
    "errorCount" : 0,
    "errorPct" : 0.0,
    "meanResTime" : 670.0,
    "medianResTime" : 526.0,
    "minResTime" : 462.0,
    "maxResTime" : 1480.0,
    "pct1ResTime" : 1480.0,
    "pct2ResTime" : 1480.0,
    "pct3ResTime" : 1480.0,
    "throughput" : 0.011310553877823397,
    "receivedKBytesPerSec" : 0.09480320696617014,
    "sentKBytesPerSec" : 0.01300050968183412
  },
  "Recon_ReconMonitor-api/reconmonitor/find-2" : {
    "transaction" : "Recon_ReconMonitor-api/reconmonitor/find-2",
    "sampleCount" : 6,
    "errorCount" : 0,
    "errorPct" : 0.0,
    "meanResTime" : 708.1666666666666,
    "medianResTime" : 653.5,
    "minResTime" : 544.0,
    "maxResTime" : 1124.0,
    "pct1ResTime" : 1124.0,
    "pct2ResTime" : 1124.0,
    "pct3ResTime" : 1124.0,
    "throughput" : 0.011326781419547759,
    "receivedKBytesPerSec" : 0.09493922355857268,
    "sentKBytesPerSec" : 0.013881944024934022
  },
  "Admin_ManagePasswordPolicy-api/passsecpolicy/find" : {
    "transaction" : "Admin_ManagePasswordPolicy-api/passsecpolicy/find",
    "sampleCount" : 6,
    "errorCount" : 0,
    "errorPct" : 0.0,
    "meanResTime" : 366.0,
    "medianResTime" : 369.0,
    "minResTime" : 332.0,
    "maxResTime" : 412.0,
    "pct1ResTime" : 412.0,
    "pct2ResTime" : 412.0,
    "pct3ResTime" : 412.0,
    "throughput" : 0.011307782769954469,
    "receivedKBytesPerSec" : 0.012621870806697223,
    "sentKBytesPerSec" : 0.012776469399255195
  },
  "login_Inbox-api/asset/find" : {
    "transaction" : "login_Inbox-api/asset/find",
    "sampleCount" : 6,
    "errorCount" : 0,
    "errorPct" : 0.0,
    "meanResTime" : 648.1666666666666,
    "medianResTime" : 601.5,
    "minResTime" : 479.0,
    "maxResTime" : 859.0,
    "pct1ResTime" : 859.0,
    "pct2ResTime" : 859.0,
    "pct3ResTime" : 859.0,
    "throughput" : 0.011485737585353388,
    "receivedKBytesPerSec" : 0.029764959933918728,
    "sentKBytesPerSec" : 0.013908510357263868
  },
  "Total" : {
    "transaction" : "Total",
    "sampleCount" : 2123,
    "errorCount" : 4,
    "errorPct" : 0.18841262,
    "meanResTime" : 964.6486104569019,
    "medianResTime" : 716.0,
    "minResTime" : 36.0,
    "maxResTime" : 10801.0,
    "pct1ResTime" : 1915.800000000001,
    "pct2ResTime" : 2791.3999999999996,
    "pct3ResTime" : 5723.63999999999,
    "throughput" : 3.469022268410492,
    "receivedKBytesPerSec" : 175.07374850997894,
    "sentKBytesPerSec" : 4.205763761911998
  },
  "VisitorCreation" : {
    "transaction" : "VisitorCreation",
    "sampleCount" : 100,
    "errorCount" : 0,
    "errorPct" : 0.0,
    "meanResTime" : 1007.3200000000004,
    "medianResTime" : 747.0,
    "minResTime" : 413.0,
    "maxResTime" : 7657.0,
    "pct1ResTime" : 1672.7000000000005,
    "pct2ResTime" : 2116.4499999999985,
    "pct3ResTime" : 7625.209999999984,
    "throughput" : 0.16994692557514288,
    "receivedKBytesPerSec" : 0.15493715999993202,
    "sentKBytesPerSec" : 0.22554479673497968
  },
  "Access_ReviewType-api/reviewtype/find" : {
    "transaction" : "Access_ReviewType-api/reviewtype/find",
    "sampleCount" : 6,
    "errorCount" : 0,
    "errorPct" : 0.0,
    "meanResTime" : 1058.5,
    "medianResTime" : 601.0,
    "minResTime" : 510.0,
    "maxResTime" : 2876.0,
    "pct1ResTime" : 2876.0,
    "pct2ResTime" : 2876.0,
    "pct3ResTime" : 2876.0,
    "throughput" : 0.011393739140342382,
    "receivedKBytesPerSec" : 1.6497889487851425,
    "sentKBytesPerSec" : 0.01284020992964366
  },
  "PolicyEngine_ManageMitigation-api/configsetting/find" : {
    "transaction" : "PolicyEngine_ManageMitigation-api/configsetting/find",
    "sampleCount" : 5,
    "errorCount" : 0,
    "errorPct" : 0.0,
    "meanResTime" : 315.0,
    "medianResTime" : 318.0,
    "minResTime" : 308.0,
    "maxResTime" : 320.0,
    "pct1ResTime" : 320.0,
    "pct2ResTime" : 320.0,
    "pct3ResTime" : 320.0,
    "throughput" : 0.01175931043403615,
    "receivedKBytesPerSec" : 0.008980254647867449,
    "sentKBytesPerSec" : 0.014067534454779571
  },
  "Card_ManageCard-api/asset/find-3" : {
    "transaction" : "Card_ManageCard-api/asset/find-3",
    "sampleCount" : 6,
    "errorCount" : 0,
    "errorPct" : 0.0,
    "meanResTime" : 829.0,
    "medianResTime" : 610.0,
    "minResTime" : 539.0,
    "maxResTime" : 1802.0,
    "pct1ResTime" : 1802.0,
    "pct2ResTime" : 1802.0,
    "pct3ResTime" : 1802.0,
    "throughput" : 0.011556218112060647,
    "receivedKBytesPerSec" : 0.03055889903428537,
    "sentKBytesPerSec" : 0.013993857870073439
  },
  "Card_ManageCard-api/asset/find-1" : {
    "transaction" : "Card_ManageCard-api/asset/find-1",
    "sampleCount" : 6,
    "errorCount" : 0,
    "errorPct" : 0.0,
    "meanResTime" : 898.3333333333333,
    "medianResTime" : 626.0,
    "minResTime" : 508.0,
    "maxResTime" : 2026.0,
    "pct1ResTime" : 2026.0,
    "pct2ResTime" : 2026.0,
    "pct3ResTime" : 2026.0,
    "throughput" : 0.011313881000599635,
    "receivedKBytesPerSec" : 0.03176504675461324,
    "sentKBytesPerSec" : 0.01371145148607827
  },
  "Card_ManageCard-api/asset/find-2" : {
    "transaction" : "Card_ManageCard-api/asset/find-2",
    "sampleCount" : 6,
    "errorCount" : 0,
    "errorPct" : 0.0,
    "meanResTime" : 1505.3333333333333,
    "medianResTime" : 872.0,
    "minResTime" : 582.0,
    "maxResTime" : 4857.0,
    "pct1ResTime" : 4857.0,
    "pct2ResTime" : 4857.0,
    "pct3ResTime" : 4857.0,
    "throughput" : 0.011343527383275103,
    "receivedKBytesPerSec" : 0.0317430446452879,
    "sentKBytesPerSec" : 0.013747380354144923
  }
}