4857488454398682,4857488454398685,4857488454398525,4857488454398526
4857555376583352,4857555376583355,4857555376583286,4857555376583287
4857555376681702,4857555376681706,4857555376681577,4857555376681578
4857555376681719,4857555376681722,4857555376681640,4857555376681641
4857559494439433,4857559494439436,4857555376697865,4857555376697866
4857559494439622,4857559494439625,4857559494439503,4857559494439504
4857559494439646,4857559494439649,4857559494439566,4857559494439567
4857559494455938,4857559494455941,4857559494455875,4857559494455876
4857559494456060,4857559494456063,4857559494455949,4857559494455950
4857559494472310,4857559494472313,4857559494472202,4857559494472203
4857559494488611,4857559494488614,4857559494472324,4857559494472325
4857559494488672,4857559494488685,4857559494472431,4857559494472432
4857559494488751,4857559494488754,4857559494488696,4857559494488697
4857559494505116,4857559494505119,4857559494488823,4857559494488824
4857559494505131,4857559494505134,4857559494505053,4857559494505054
4857559494521472,4857559494521475,4857559494505193,4857559494505194
4857559494521548,4857559494521551,4857559494521415,4857559494521416
4857559494537787,4857559494537790,4857559494521565,4857559494521566
4857559494537920,4857559494537923,4857559494537815,4857559494537816
4857559494554231,4857559494554234,4857559494537943,4857559494537944
4857559494554343,4857559494554346,4857559494554176,4857559494554177
4857559494570542,4857559494570545,4857559494554291,4857559494554292
4857559494570715,4857559494570718,4857559494570553,4857559494570554
4857559494586883,4857559494586896,4857559494570631,4857559494570632
4857559494587025,4857559494587028,4857559494586928,4857559494586929
4857559494603286,4857559494603289,4857559494587038,4857559494587039
4857559494603377,4857559494603396,4857559494603291,4857559494603292
4857559494619719,4857559494619722,4857559494603467,4857559494603468
4857559494619830,4857559494619833,4857559494619657,4857559494619658
4857559494619860,4857559494619863,4857559494619780,4857559494619781
4857559494636203,4857559494636206,4857559494636032,4857559494636033
4857559494636263,4857559494636266,4857559494636146,4857559494636147
4857559494652513,4857559494652522,4857559494652419,4857559494652420
4857559494701749,4857559494701752,4857559494701647,4857559494701648
4857559494701819,4857559494701822,4857559494701699,4857559494701700
4857559494718044,4857559494718057,4857559494701764,4857559494701765
4857559494718167,4857559494718170,4857559494717984,4857559494717985
4857559494734441,4857559494734454,4857559494718117,4857559494718118
4857559494750747,4857559494750750,4857559494734368,4857559494734369
4857559494750814,4857559494750817,4857559494734521,4857559494734522
4857568922006137,4857568922006140,4857559494750762,4857559494750763
4857568922022440,4857568922022444,4857568922006076,4857568922006077
4857568922022568,4857568922022573,4857568922006255,4857568922006256
4857568922038815,4857568922038818,4857568922022476,4857568922022477
4857568922038835,4857568922038838,4857568922022593,4857568922022594
4857568922055245,4857568922055248,4857568922038850,4857568922038851
4857568922055353,4857568922055356,4857568922055195,4857568922055196
4857568922137160,4857568922137166,4857568922055364,4857568922055365
4857568922137314,4857568922137319,4857568922120735,4857568922120736
4857568922153527,4857568922153531,4857568922137211,4857568922137212
4857568922776113,4857568922776121,4857568922153563,4857568922153564
4857568922776138,4857568922776145,4857568922153477,4857568922153478
4857568922792511,4857568922792514,4857568922153727,4857568922776064
4857568922792638,4857568922792643,4857568922792523,4857568922792524
4857568922808861,4857568922808864,4857568922776270,4857568922776271
4857568922809007,4857568922809010,4857568922792682,4857568922792683
4857568922825403,4857568922825411,4857568922809068,4857568922809069
4857568922841612,4857568922841633,4857568922808951,4857568922808952
4857568922841641,4857568922841644,4857568922825353,4857568922825354
4857568922841836,4857568922841839,4857568922841647,4857568922841648
4857568923038385,4857568923038388,4857568922841850,4857568922841851
4857568923054609,4857568923054621,4857568923038312,4857568923038313
4857568923054841,4857568923054844,4857568923038426,4857568923038427
4857568923071208,4857568923071211,4857568923054791,4857568923054792
4857568923087432,4857568923087455,4857568923071008,4857568923071009
4857568923087492,4857568923087495,4857568923071127,4857568923071128
4857568923087566,4857568923087571,4857568923087374,4857568923087375
4857568923103820,4857568923103823,4857568923087506,4857568923087507
4857568923120289,4857568923120292,4857568923103877,4857568923103878
4857568923120341,4857568923120346,4857568923120143,4857568923120144
4857568923120343,4857568923120350,4857568923120236,4857568923120237
4857568923152899,4857568923152902,4857568923120372,4857568923120373
4857568923153114,4857568923153117,4857568923136720,4857568923136721
4857568923169313,4857568923169316,4857568923153126,4857568923153127
4857568923169331,4857568923169358,4857568923152992,4857568923152993
4857572046811663,4857572046811666,4857572046795287,4857572046795288
4857572046811785,4857572046811788,4857572046795480,4857572046795481
4857572046828123,4857572046828176,4857572046811734,4857572046811735
4857572046828187,4857572046828191,4857572046811823,4857572046811824
4857572046844456,4857572046844459,4857572046828124,4857572046828125
4857572046844652,4857572046844655,4857572046844475,4857572046844476
4857572046861004,4857572046861007,4857572046844537,4857572046844538
4857572046877207,4857572046877218,4857572046844663,4857572046844664
4857572046877319,4857572046877323,4857572046861026,4857572046861027
4857572046877320,4857572046877331,4857572046860940,4857572046860941
4857572046893756,4857572046893810,4857572046877389,4857572046877390
4857572046909955,4857572046909967,4857572046893616,4857572046893617
4857572046910178,4857572046910181,4857572046893757,4857572046893758
4857572046926370,4857572046926373,4857572046909991,4857572046909992
4857572046926511,4857572046926523,4857572046910192,4857572046910193
4857572046942869,4857572046942872,4857572046926436,4857572046926437
4857572046942969,4857572046942972,4857572046942764,4857572046942765
4857572046959122,4857572046959127,4857572046942912,4857572046942913
4857572046975592,4857572046975595,4857572046959166,4857572046959167
4857572046975670,4857572046975679,4857572046975603,4857572046975604
4857572046992014,4857572046992017,4857572046975530,4857572046975531
4857572047008289,4857572047008292,4857572046991964,4857572046991965
4857572047008421,4857572047008424,4857572046992034,4857572046992035
4857572047024664,4857572047024668,4857572047008315,4857572047008316
4857572047024822,4857572047024825,4857572047008370,4857572047008371
4857572047041031,4857572047041034,4857572047024704,4857572047024705
4857572047041069,4857572047041074,4857572047024846,4857572047024847
4857572047057606,4857572047057609,4857572047041132,4857572047041133
4857572047057644,4857572047057647,4857572047041274,4857572047041275
4857572047073949,4857572047073952,4857572047057554,4857572047057555
4857572047074021,4857572047074042,4857572047073963,4857572047073964
4857572047090344,4857572047090356,4857572047073899,4857572047073900
4857572047303228,4857572047303232,4857572047090242,4857572047090243
4857573967344224,4857573967344227,4857572047090413,4857572047090414
4857573967344295,4857573967344298,4857572047303240,4857572047303241
4857573967360719,4857573967360722,4857573967344239,4857573967344240
4857573967360753,4857573967360758,4857573967360662,4857573967360663
4857573967376915,4857573967376921,4857573967344370,4857573967344371
4857573967393318,4857573967393322,4857573967376987,4857573967376988
4857573967393408,4857573967393411,4857573967377083,4857573967377084
4857573967409763,4857573967409766,4857573967393356,4857573967393357
4857573967409827,4857573967409832,4857573967409669,4857573967409670
4857573967426153,4857573967426161,4857573967409768,4857573967409769
4857573967442521,4857573967442524,4857573967426103,4857573967426104
4857573967442586,4857573967442589,4857573967426201,4857573967426202
4857573967458881,4857573967458884,4857573967442471,4857573967442472
4857573967458994,4857573967458997,4857573967442536,4857573967442537
4857573967475256,4857573967475269,4857573967458886,4857573967458887
4857573967475287,4857573967475295,4857573967458999,4857573967459000
4857573967491640,4857573967491643,4857573967475307,4857573967475308
4857573967507995,4857573967507998,4857573967475391,4857573967475392
4857573967508074,4857573967508077,4857573967491720,4857573967491721
4857573967524385,4857573967524388,4857573967508008,4857573967508009
4857573967524497,4857573967524500,4857573967508140,4857573967508141
4857573967540807,4857573967540810,4857573967524404,4857573967524405
4857573967540900,4857573967540909,4857573967524553,4857573967524554
4857573967557229,4857573967557232,4857573967540848,4857573967540849
4857573967557300,4857573967557308,4857573967557145,4857573967557146
4857573967589938,4857573967589944,4857573967557337,4857573967557338
4857573967589955,4857573967589958,4857573967573526,4857573967573527
4857573967589981,4857573967589984,4857573967573758,4857573967573759
4857573967590040,4857573967590051,4857573967573652,4857573967573653
4857573967606478,4857573967622659,4857573967590086,4857573967590087
4857573967622689,4857573967622692,4857573967606373,4857573967606374
4857573967622892,4857573967622897,4857573967606479,4857573967606480
4857573967639172,4857573967639189,4857573967622837,4857573967622838
4857573967639265,4857573967639273,4857573967639059,4857573967639060
4857575909290572,4857575909290575,4857573967639208,4857573967639209
4857575909290584,4857575909290588,4857573967655427,4857573967655428
4857575909290713,4857575909290722,4857575909290597,4857575909290598
4857575909323295,4857575909323310,4857575909306982,4857575909306983
4857575909323353,4857575909323358,4857575909290662,4857575909290663
4857575909323431,4857575909323434,4857575909307104,4857575909307105
4857575909339845,4857575909339850,4857575909323450,4857575909323451
4857575909356088,4857575909356091,4857575909339773,4857575909339774
4857575909356261,4857575909356264,4857575909356125,4857575909356126
4857575909372475,4857575909372478,4857575909339882,4857575909339883
4857575909372528,4857575909372541,4857575909372418,4857575909372419
4857575909388952,4857575909388956,4857575909388876,4857575909388877
4857575909388953,4857575909388960,4857575909372563,4857575909372564
4857575909405350,4857575909405353,4857575909388991,4857575909388992
4857575909421733,4857575909421736,4857575909405296,4857575909405297
4857575909437964,4857575909437972,4857575909405417,4857575909405418
4857575909437992,4857575909438002,4857575909421670,4857575909421671
4857575909438137,4857575909438152,4857575909421758,4857575909421759
4857575909454473,4857575909454476,4857575909438065,4857575909438066
4857575909454572,4857575909454575,4857575909454416,4857575909454417
4857575909470883,4857575909470902,4857575909454496,4857575909454497
4857575909487265,4857575909487268,4857575909470832,4857575909470833
4857575909487308,4857575909487316,4857575909487153,4857575909487154
4857575909503498,4857575909503503,4857575909487209,4857575909487210
4857575909503699,4857575909503702,4857575909503572,4857575909503573
4857575909520113,4857575909520116,4857575909503648,4857575909503649
4857575909536323,4857575909536330,4857575909520058,4857575909520059
4857575909536377,4857575909536380,4857575909519966,4857575909519967
4857575909552769,4857575909552778,4857575909536473,4857575909536474
4857575909552775,4857575909552782,4857575909536390,4857575909536391
4857575909569197,4857575909569200,4857575909552798,4857575909552799
4857575909569240,4857575909569243,4857575909569092,4857575909569093
4857575909585441,4857575909585449,4857575909569144,4857575909569145
4857575909601867,4857575909601870,4857575909585460,4857575909585461
4857575909601947,4857577793057281,4857575909585563,4857575909585564
4857577793057464,4857577793057467,4857575909601881,4857575909601882
4857577793073765,4857577793073768,4857577793057333,4857577793057334
4857577793073869,4857577793073872,4857577793057532,4857577793057533
4857577793090106,4857577793090117,4857577793073779,4857577793073780
4857577793090182,4857577793090187,4857577793073886,4857577793073887
4857577793106497,4857577793106500,4857577793090189,4857577793090191
4857577793122861,4857577793122864,4857577793106513,4857577793106514
4857577793122965,4857577793122986,4857577793106596,4857577793106597
4857577793139309,4857577793139314,4857577793123048,4857577793123049
4857577793139325,4857577793139340,4857577793122911,4857577793122912
4857577793139428,4857577793139431,4857577793139359,4857577793139360
4857577793172002,4857577793172005,4857577793155665,4857577793155666
4857577793172103,4857577793172106,4857577793155785,4857577793155786
4857577793188400,4857577793188403,4857577793172028,4857577793172029
4857577793188505,4857577793188514,4857577793172134,4857577793172135
4857577793204742,4857577793204755,4857577793188412,4857577793188413
4857577793204966,4857577793204969,4857577793188541,4857577793188542
4857577793221194,4857577793221197,4857577793204878,4857577793204879
4857577793221305,4857577793221308,4857577793204979,4857577793204980
4857577793221371,4857577793237512,4857577793221255,4857577793221256
4857577793253933,4857577793253936,4857577793237619,4857577793237620
4857577793253987,4857577793253990,4857577793237746,4857577793237747
4857577793270359,4857577793270362,4857577793253999,4857577793254000