timeStamp,elapsed,label,responseCode,responseMessage,threadName,dataType,success,failureMessage,bytes,sentBytes,grpThreads,allThreads,URL,Latency,IdleTime,Connect
1716809300028,4283,adminLogin,200,OK,setUp Thread Group 1-1,text,true,,122996,801,1,1,http://172.16.16.69/api/auth/token,3818,0,3
1716809304431,2798,lobbyAdminLogin,200,OK,setUp Thread Group 1-1,text,true,,134492,807,1,1,http://172.16.16.69/api/auth/token,2488,0,0
1716809309370,4174,Login-Admin-/api/auth/token,200,OK,#GroupDataCreation 1-1,text,true,,134491,864,1,1,http://172.16.16.69/api/auth/token,2261,0,2
1716809315306,19,#GroupDataCreation/api/getnewids,200,OK,#GroupDataCreation 1-1,text,true,,739,1213,1,1,http://172.16.16.69/api/getnewids,19,0,0
1716809316864,6636,#GroupDataCreation/api/tpmadmin/visitors/find,200,OK,#GroupDataCreation 1-1,text,true,,5976,1413,1,1,http://172.16.16.69/api/tpmadmin/visitors/find?,6636,0,0
1716809324715,3016,#GroupDataCreationGroupVisitCreation,200,OK,#GroupDataCreation 1-1,text,true,,732,4750,1,1,http://172.16.16.69/api/tpmadmin/visit/save,3016,0,0
