timeStamp,elapsed,label,responseCode,responseMessage,threadName,dataType,success,failureMessage,bytes,sentBytes,grpThreads,allThreads,URL,Latency,IdleTime,Connect
1716800917881,8008,adminLogin,200,OK,setUp Thread Group 1-1,text,true,,122999,801,1,1,http://172.16.16.69/api/auth/token,7502,0,3
1716800925990,2566,lobbyAdminLogin,200,OK,setUp Thread Group 1-1,text,true,,134489,807,1,1,http://172.16.16.69/api/auth/token,2055,0,0
1716800929198,2488,Login-Admin-/api/auth/token,200,OK,VIMGroupOperations 1-1,text,true,,134489,864,1,1,http://172.16.16.69/api/auth/token,2003,0,3
1716800931957,22,VIMGroupOperations/api/getnewids,200,OK,VIMGroupOperations 1-1,text,true,,736,1213,1,1,http://172.16.16.69/api/getnewids,22,0,0
1716800933407,27,VIMGroupOperationsGroupVisitCreation,500,Internal Server Error,VIMGroupOperations 1-1,text,false,,10806,3279,1,1,http://172.16.16.69/api/tpmadmin/visit/save?,27,0,0
