5174410303588243,5174410303588295,5174410303588347,5174410303604527,5174410303604579,5174410303604631,5174410303604683,5174410303604735,5174410303620915,5174410303620967,5174410303621019,5174410303621071,5174410303637251,5174410303637303,5174410303637355,5174410303637407,5174410303637459,5174410303653639,5174410303653691,5174410303653743
5174410303653795,5174410303653847,5174410303670027,5174410303670079,5174410303670131,5174410303670183,5174410303670235,5174410303686415,5174410303686467,5174410303686519,5174410303686571,5174410303686623,5174410303702803,5174410303702855,5174410303702907,5174410303702959,5174410303703011,5174410303719191,5174410303719243,5174410303719295
5174410303784899,5174410303784951,5174410303801131,5174410303801183,5174410303801235,5174410303801287,5174410303801339,5174410303817519,5174410303817569,5174410303817621,5174410303817673,5174410303817725,5174410303833905,5174410303833957,5174410303834009,5174410303834061,5174410303850241,5174410303850293,5174410303850345,5174412286972696
5174412286972748,5174412286972800,5174412286972852,5174412286972904,5174412286989084,5174412286989136,5174412286989188,5174412286989240,5174412286989292,5174412287005472,5174412287005524,5174412287005576,5174412287005628,5174412287005680,5174412287021860,5174412287021912,5174412287021964,5174412287022016,5174412287022068,5174412287038248
5174412287038300,5174412287038352,5174412287038404,5174412287038456,5174412287054636,5174412287054688,5174412287054740,5174412287054792,5174412287054844,5174412287071024,5174412287071076,5174412287071128,5174412287071180,5174412287087360,5174412287087412,5174412287087464,5174412287087516,5174412287087568,5174412287103748,5174412287103800
5174412287169402,5174412287169454,5174412287169506,5174412287185686,5174412287185738,5174412287185790,5174412287185842,5174412287185894,5174412287202074,5174412287202126,5174412287202178,5174412287202230,5174412287202282,5174412287218462,5174412287218514,5174412287218566,5174412287218618,5174412287218670,5174412287234850,5174412287234902
5174412450613017,5174412450613069,5174412450613121,5174412450613173,5174412450613225,5174412450629405,5174412450629457,5174412450629509,5174412450629561,5174412450629613,5174412450645793,5174412450645845,5174412450645897,5174412450645949,5174412450646001,5174412450662181,5174412450662233,5174412450662285,5174412450662337,5174412450662389
5174412450678569,5174412450678621,5174412450678673,5174412450678725,5174412450678777,5174412450694957,5174412450695009,5174412450695061,5174412450695113,5174412450695167,5174412450711347,5174412450711399,5174412450711451,5174412450711503,5174412450727683,5174412450727735,5174412450727787,5174412450727839,5174412450727891,5174412450744071
5174412450744123,5174412450744175,5174412450744227,5174412450744279,5174412450760459,5174412450760511,5174412450760563,5174412450760615,5174412450760667,5174412450776847,5174412450776899,5174412450776951,5174412450777003,5174412450777055,5174412450793235,5174412450793287,5174412450793339,5174412450793391,5174412450793443,5174412450809623
5174412450809675,5174412450809727,5174412450809779,5174412450809831,5174412450826011,5174412450826063,5174412450826115,5174412450826167,5174412450826219,5174412450842399,5174412450842451,5174412450842503,5174412450842555,5174412450842607,5174412450858787,5174412450858839,5174412450858891,5174412450858943,5174412450858995,5174412450875175
5174412450875227,5174412450875279,5174412450875331,5174412450875383,5174412450891563,5174412450891615,5174412450891667,5174412450891719,5174412450891771,5174412450907951,5174412450908003,5174414398133006,5174414398133058,5174414398133110,5174414398133162,5174414398133214,5174414398149394,5174414398149446,5174414398149498,5174414398149550
5174414398149602,5174414398165782,5174414398165834,5174414398165886,5174414398165938,5174414398165990,5174414398182170,5174414398182222,5174414398182274,5174414398182326,5174414398182378,5174414398198558,5174414398198610,5174414398198662,5174414398198714,5174414398198766,5174414398214946,5174414398214998,5174414398215050,5174414398215102
5174414398215154,5174414398231334,5174414398231386,5174414398231437,5174414398231489,5174414398231541,5174414398247721,5174414398247773,5174414398247825,5174414398247877,5174414398247929,5174414398264109,5174414398264161,5174414398264213,5174414398264265,5174414398264317,5174414398280497,5174414398280549,5174414398280601,5174414398280653
5174414398296833,5174414398296885,5174414398296937,5174414398296989,5174414398297041,5174414398313221,5174414398313273,5174414398313325,5174414398313377,5174414398313429,5174414398329609,5174414398329661,5174414398329713,5174414398329765,5174414398329817,5174414398345997,5174414398346049,5174414398346101,5174414398346153,5174414398346205
5174414398362385,5174414398362437,5174414398362489,5174414398362541,5174414398362593,5174414398378773,5174414398378825,5174414398378877,5174414398378929,5174414398378981,5174414398395161,5174414398395213,5174414398395265,5174414398395317,5174414398395369,5174414398411549,5174414398411601,5174414398411653,5174414398411705,5174414398411757
5174414398427937,5174414398427989,5174414398428041,5174414398428093,5174414398428145,5174414398444325,5174414398444377,5174414597834511,5174414597834563,5174414597834615,5174414597834667,5174414597834719,5174414597850899,5174414597850951,5174414597851003,5174414597851055,5174414597851107,5174414597867287,5174414597867339,5174414597867391
5174414597867443,5174414597867495,5174414597883675,5174414597883727,5174414597883779,5174414597883831,5174414597883883,5174414597900063,5174414597900115,5174414597900167,5174414597900219,5174414597900272,5174414597916452,5174414597916504,5174414597916556,5174414597916608,5174414597916660,5174414597932840,5174414597932892,5174414597932944
5174414597932996,5174414597933048,5174414597949228,5174414597949280,5174414597949332,5174414597949384,5174414597949436,5174414597965616,5174414597965668,5174414597965720,5174414597965772,5174414597981952,5174414597982004,5174414597982056,5174414597982108,5174414597982160,5174414597998340,5174414597998392,5174414597998444,5174414597998496
5174414597998548,5174414598014728,5174414598014780,5174414598014832,5174414598014884,5174414598014936,5174414598031116,5174414598031168,5174414598031220,5174414598031272,5174414598031324,5174414598047504,5174414598047556,5174414598047608,5174414598047660,5174414598047712,5174414598063892,5174414598063944,5174414598063996,5174414598064048
5174414598064100,5174414598080280,5174414598080332,5174414598080384,5174414598080436,5174414598080488,5174414598096668,5174414598096720,5174414598096772,5174414598096824,5174414598096876,5174414598113056,5174414598113108,5174414598113160,5174414598113212,5174414598113264,5174414598129444,5174416530723589,5174416530723641,5174416530723693