5150820203525797,VSTR-00002771,GPerf311,GUser311
5150827901187624,VSTR-00004790,MOPerf1066,MOUser1066
5150832460674718,VSTR-00005968,MOPerf1509,MOUser1509
5150827204621832,VSTR-00004550,MOPerf975,MOUser975
5150820203656888,VSTR-00002808,CVPerf214,CVUser214
5150828257310422,VSTR-00004859,MOPerf1092,MOUser1092
5150825450141264,VSTR-00004176,CVPerf550,CVUser550
5150825105290752,VSTR-00004048,MOPerf788,MOUser788
5150820203689590,VSTR-00002816,CVPerf216,CVUser216
5150823706375730,VSTR-00003662,MOPerf642,MOUser642
5150817768781474,VSTR-00002152,CVPerf051,CVUser051
5150805785196047,VSTR-00001969,GPerf008,GUser008
5150823366031090,VSTR-00003585,CVPerf405,CVUser405
5150825105438245,VSTR-00004090,CVPerf529,CVUser529
5150833160451693,VSTR-00006147,MOPerf1577,MOUser1577
5150817768765073,VSTR-00002147,MOPerf075,MOUser075
5150818817799697,VSTR-00002437,GPerf185,GUser185
5150833505302182,VSTR-00006215,MOPerf1603,MOUser1603
5150826843633387,VSTR-00004501,GPerf966,GUser966
5150818120070782,VSTR-00002241,GPerf110,GUser110
5150826843764469,VSTR-00004538,GPerf980,GUser980
5150824056239799,VSTR-00003814,GPerf705,GUser705
5150820203624013,VSTR-00002796,CVPerf211,CVUser211
5150826497357414,VSTR-00004427,GPerf938,GUser938
5150819507484293,VSTR-00002637,CVPerf171,CVUser171
5150824745432777,VSTR-00003925,MOPerf742,MOUser742
5150825105389304,VSTR-00004080,MOPerf800,MOUser800
5150818120054319,VSTR-00002235,GPerf108,GUser108
5150824056157822,VSTR-00003790,GPerf696,GUser696
5150823706408598,VSTR-00003673,CVPerf427,CVUser427
5150820203509393,VSTR-00002766,GPerf309,GUser309
5150823011612279,VSTR-00003539,MOPerf596,MOUser596
5150825798137380,VSTR-00004265,CVPerf572,CVUser572
5150825797957247,VSTR-00004217,CVPerf560,CVUser560
5150824745514584,VSTR-00003946,GPerf755,GUser755
5150825105159891,VSTR-00004015,GPerf781,GUser781
5150821955385047,VSTR-00003262,CVPerf326,CVUser326
5150828608468549,VSTR-00004915,MOPerf1113,MOUser1113
5150823011366635,VSTR-00003472,GPerf576,GUser576
5150823366161961,VSTR-00003618,MOPerf626,MOUser626
5150823706556090,VSTR-00003715,CVPerf437,CVUser437
5150823366112854,VSTR-00003606,GPerf626,GUser626
5150822659962550,VSTR-00003409,GPerf552,GUser552
5150819850761940,VSTR-00002728,CVPerf194,CVUser194
5150821955433990,VSTR-00003272,MOPerf496,MOUser496
5150817768879804,VSTR-00002180,GPerf087,GUser087
5150823011579577,VSTR-00003531,MOPerf593,MOUser593
5150823366030926,VSTR-00003582,GPerf617,GUser617
5150827549685317,VSTR-00004687,MOPerf1027,MOUser1027
5150820554847947,VSTR-00002875,CVPerf231,CVUser231
5150823011595825,VSTR-00003533,GPerf599,GUser599
5150825449895500,VSTR-00004107,GPerf816,GUser816
5150823011448556,VSTR-00003495,CVPerf383,CVUser383
5150826843584119,VSTR-00004485,GPerf960,GUser960
5150829312931456,VSTR-00005169,MOPerf1208,MOUser1208
5150819850581518,VSTR-00002674,GPerf274,GUser274
5150826149131891,VSTR-00004278,GPerf881,GUser881
5150818474571455,VSTR-00002309,GPerf136,GUser136
5150824745498337,VSTR-00003944,MOPerf749,MOUser749
5150805785294487,VSTR-00002000,CVPerf013,CVUser013
5150824056141529,VSTR-00003787,GPerf695,GUser695
5150818474768053,VSTR-00002364,GPerf157,GUser157
5150827901056534,VSTR-00004753,MOPerf1052,MOUser1052
5150821955155481,VSTR-00003194,GPerf470,GUser470
5150827549554397,VSTR-00004653,MOPerf1014,MOUser1014
5150820203738864,VSTR-00002832,CVPerf220,CVUser220
5150819165877842,VSTR-00002514,GPerf214,GUser214
5150819850679850,VSTR-00002702,GPerf285,GUser285
5150822659978954,VSTR-00003414,GPerf554,GUser554
5150830376924884,VSTR-00005412,MOPerf1299,MOUser1299
5150819850516115,VSTR-00002658,GPerf268,GUser268
5150823706588897,VSTR-00003725,GPerf671,GUser671
5150826497324599,VSTR-00004417,MOPerf925,MOUser925
5150826497324712,VSTR-00004419,MOPerf926,MOUser926
5150818474735189,VSTR-00002353,GPerf153,GUser153
5150826843682493,VSTR-00004514,GPerf971,GUser971
5150833854772861,VSTR-00006258,MOPerf1619,MOUser1619
5150824745612966,VSTR-00003975,GPerf766,GUser766
5150827901007541,VSTR-00004742,MOPerf1048,MOUser1048
5150818120185568,VSTR-00002275,GPerf123,GUser123
5150829669234345,VSTR-00005231,MOPerf1231,MOUser1231
5150818120234560,VSTR-00002285,GPerf127,GUser127
5150821955401288,VSTR-00003264,MOPerf493,MOUser493
5150819166025216,VSTR-00002554,GPerf229,GUser229
5150818474767888,VSTR-00002361,GPerf156,GUser156
5150825798153844,VSTR-00004271,MOPerf871,MOUser871
5150817768896214,VSTR-00002185,GPerf089,GUser089
5150822311835194,VSTR-00003303,CVPerf336,CVUser336
5150827204703811,VSTR-00004574,MOPerf984,MOUser984
5150825450026696,VSTR-00004146,GPerf831,GUser831
5150826497324649,VSTR-00004418,GPerf934,GUser934
5150826843600463,VSTR-00004489,MOPerf952,MOUser952
5150817407596034,VSTR-00002042,MOPerf035,MOUser035
5150826497357464,VSTR-00004429,MOPerf929,MOUser929
5150818474800645,VSTR-00002370,CVPerf105,CVUser105
5150826843715251,VSTR-00004523,MOPerf965,MOUser965
5150823366194773,VSTR-00003628,CVPerf416,CVUser416
5150824745530989,VSTR-00003952,MOPerf752,MOUser752
5150817768961781,VSTR-00002204,CVPerf064,CVUser064
5150828257392342,VSTR-00004883,MOPerf1101,MOUser1101
5150824745547399,VSTR-00003956,CVPerf496,CVUser496
5150818474571506,VSTR-00002310,CVPerf090,CVUser090
5150826149410419,VSTR-00004357,GPerf911,GUser911
5150827204671000,VSTR-00004564,GPerf990,GUser990
5150817768847051,VSTR-00002171,GPerf084,GUser084
5150824745449068,VSTR-00003927,GPerf748,GUser748
5150819165828616,VSTR-00002499,GPerf208,GUser208
5150822660093584,VSTR-00003445,MOPerf561,MOUser561
5150818817881783,VSTR-00002463,CVPerf128,CVUser128
5150829312816826,VSTR-00005138,MOPerf1196,MOUser1196
5150824056108717,VSTR-00003777,GPerf691,GUser691
5150834207815400,VSTR-00006382,MOPerf1667,MOUser1667
5150817768879752,VSTR-00002179,CVPerf058,CVUser058
5150819165992521,VSTR-00002546,GPerf226,GUser226
5150817768863341,VSTR-00002174,GPerf085,GUser085
5150818119988858,VSTR-00002218,MOPerf101,MOUser101
5150819850663660,VSTR-00002701,CVPerf187,CVUser187
5150819507287643,VSTR-00002581,GPerf239,GUser239
5150827549669020,VSTR-00004684,MOPerf1026,MOUser1026
5150833160353313,VSTR-00006118,MOPerf1566,MOUser1566
5150824056043151,VSTR-00003758,GPerf684,GUser684
5150829312751316,VSTR-00005120,MOPerf1189,MOUser1189
5150819165812376,VSTR-00002497,MOPerf205,MOUser205
5150823706326680,VSTR-00003650,GPerf643,GUser643
5150822311999088,VSTR-00003350,MOPerf525,MOUser525
5150823366096494,VSTR-00003601,CVPerf409,CVUser409
5150822311884298,VSTR-00003316,CVPerf339,CVUser339
5150828608599802,VSTR-00004955,MOPerf1128,MOUser1128
5150819165927114,VSTR-00002530,GPerf220,GUser220
5150820203460230,VSTR-00002752,CVPerf200,CVUser200
5150828953351816,VSTR-00005052,MOPerf1164,MOUser1164
5150822659946089,VSTR-00003403,CVPerf360,CVUser360
5150823011497600,VSTR-00003506,GPerf589,GUser589
5150819507254941,VSTR-00002573,GPerf236,GUser236
5150818119972566,VSTR-00002215,MOPerf100,MOUser100
5150817407596197,VSTR-00002044,GPerf036,GUser036
5150819850614446,VSTR-00002686,GPerf279,GUser279
5150823366211236,VSTR-00003634,GPerf637,GUser637
5150830028699254,VSTR-00005316,MOPerf1263,MOUser1263
5150826497341173,VSTR-00004426,MOPerf928,MOUser928
5150819165828673,VSTR-00002500,MOPerf206,MOUser206
5150805785392765,VSTR-00002027,CVPerf020,CVUser020
5150821955384883,VSTR-00003259,MOPerf491,MOUser491
5150822660028067,VSTR-00003428,CVPerf366,CVUser366
5150833854936706,VSTR-00006304,MOPerf1637,MOUser1637
5150825797842506,VSTR-00004183,GPerf845,GUser845
5150823366211287,VSTR-00003635,MOPerf632,MOUser632
5150820203607552,VSTR-00002791,GPerf319,GUser319
5150826149312140,VSTR-00004329,CVPerf588,CVUser588
5150827549636205,VSTR-00004674,MOPerf1022,MOUser1022
5150820203542036,VSTR-00002773,MOPerf308,MOUser308
5150825797990112,VSTR-00004227,GPerf862,GUser862
5150805785359890,VSTR-00002016,CVPerf017,CVUser017
5150827204802135,VSTR-00004602,MOPerf995,MOUser995
5150820203656829,VSTR-00002807,GPerf325,GUser325
5150820554946222,VSTR-00002902,GPerf361,GUser361
5150833854854778,VSTR-00006281,MOPerf1628,MOUser1628
5150818817685018,VSTR-00002406,GPerf173,GUser173
5150825797924372,VSTR-00004205,CVPerf557,CVUser557
5150817407547039,VSTR-00002030,MOPerf031,MOUser031
5150819850810935,VSTR-00002739,GPerf299,GUser299
5150818474849921,VSTR-00002386,CVPerf109,CVUser109
5150817768830578,VSTR-00002165,MOPerf081,MOUser081
5150821955450563,VSTR-00003280,MOPerf499,MOUser499
5150829669217886,VSTR-00005226,MOPerf1229,MOUser1229
5150820203575020,VSTR-00002786,GPerf317,GUser317
5150823366227645,VSTR-00003639,GPerf639,GUser639
5150820554733206,VSTR-00002842,GPerf338,GUser338
5150829669054048,VSTR-00005180,MOPerf1212,MOUser1212
5150823011399331,VSTR-00003480,GPerf579,GUser579
5150818817701428,VSTR-00002410,CVPerf115,CVUser115
5150826497390329,VSTR-00004439,MOPerf933,MOUser933
5150825798088277,VSTR-00004252,MOPerf864,MOUser864
5150822660044418,VSTR-00003431,CVPerf367,CVUser367
5150805785277974,VSTR-00001993,GPerf017,GUser017
5150823366047281,VSTR-00003586,MOPerf614,MOUser614
5150822312031844,VSTR-00003359,GPerf533,GUser533
5150822659896872,VSTR-00003388,GPerf544,GUser544
5150819507484242,VSTR-00002636,GPerf260,GUser260
5150825797891669,VSTR-00004197,CVPerf555,CVUser555
5150823011530472,VSTR-00003517,GPerf593,GUser593
5150817768732257,VSTR-00002137,MOPerf071,MOUser071
5150823706490466,VSTR-00003695,GPerf660,GUser660
5150820203705992,VSTR-00002821,GPerf330,GUser330
5150820554831374,VSTR-00002867,CVPerf229,CVUser229
5150818120201971,VSTR-00002280,GPerf125,GUser125
5150817768847101,VSTR-00002172,CVPerf056,CVUser056
5150825798088327,VSTR-00004253,CVPerf569,CVUser569
5150818817816108,VSTR-00002443,CVPerf123,CVUser123
5150819850729065,VSTR-00002717,CVPerf191,CVUser191
5150825450108619,VSTR-00004169,MOPerf833,MOUser833
5150820203542258,VSTR-00002777,GPerf313,GUser313
5150824745661964,VSTR-00003986,GPerf770,GUser770
5150822659847707,VSTR-00003374,CVPerf353,CVUser353
5150827204621943,VSTR-00004552,MOPerf976,MOUser976
5150817407661714,VSTR-00002062,GPerf043,GUser043
5150817407776281,VSTR-00002092,MOPerf054,MOUser054
5150826497242834,VSTR-00004397,CVPerf605,CVUser605
5150826497439329,VSTR-00004450,MOPerf937,MOUser937
5150820554913460,VSTR-00002893,GPerf357,GUser357
5150832803870335,VSTR-00006039,MOPerf1536,MOUser1536
5150817407628849,VSTR-00002051,GPerf039,GUser039
5150834207766020,VSTR-00006364,MOPerf1660,MOUser1660
5150822659880522,VSTR-00003384,MOPerf538,MOUser538
5150833855018627,VSTR-00006327,MOPerf1646,MOUser1646
5150819850581682,VSTR-00002677,CVPerf181,CVUser181
5150824056059552,VSTR-00003763,CVPerf449,CVUser449
5150826843567655,VSTR-00004479,MOPerf948,MOUser948
5150823366243877,VSTR-00003641,CVPerf419,CVUser419
5150822311933574,VSTR-00003332,CVPerf343,CVUser343
5150834207667810,VSTR-00006338,MOPerf1650,MOUser1650
5150833854871071,VSTR-00006284,MOPerf1629,MOUser1629
5150825798055625,VSTR-00004245,CVPerf567,CVUser567
5150823366080094,VSTR-00003596,CVPerf408,CVUser408
5150824402450126,VSTR-00003863,CVPerf473,CVUser473
5150819165746860,VSTR-00002479,CVPerf132,CVUser132
5150818817832681,VSTR-00002451,GPerf190,GUser190
5150818474784351,VSTR-00002367,GPerf158,GUser158
5150825797908134,VSTR-00004203,MOPerf846,MOUser846
5150828608550527,VSTR-00004939,MOPerf1122,MOUser1122
5150826497226434,VSTR-00004392,CVPerf604,CVUser604
5150823706588784,VSTR-00003723,CVPerf439,CVUser439
5150820554946054,VSTR-00002899,CVPerf237,CVUser237
5150817768748712,VSTR-00002143,GPerf073,GUser073
5150825105241758,VSTR-00004037,CVPerf516,CVUser516
5150825797989945,VSTR-00004224,GPerf861,GUser861
5150819165926945,VSTR-00002527,CVPerf144,CVUser144
5150825798104738,VSTR-00004258,MOPerf866,MOUser866
5150817407743629,VSTR-00002085,CVPerf034,CVUser034
5150817768715847,VSTR-00002132,GPerf069,GUser069
5150827549521533,VSTR-00004642,MOPerf1010,MOUser1010
5150823706572323,VSTR-00003716,MOPerf663,MOUser663
5150823011415572,VSTR-00003482,GPerf580,GUser580
5150830028518937,VSTR-00005263,MOPerf1243,MOUser1243
5150823011579464,VSTR-00003529,CVPerf391,CVUser391
5150825798055515,VSTR-00004243,GPerf868,GUser868
5150823011415680,VSTR-00003484,CVPerf380,CVUser380
5150819165746752,VSTR-00002477,GPerf200,GUser200
5150826497127992,VSTR-00004362,GPerf913,GUser913
5150825449944724,VSTR-00004123,MOPerf816,MOUser816
5150817768928966,VSTR-00002194,MOPerf092,MOUser092
5150817768912454,VSTR-00002187,CVPerf060,CVUser060
5150819507500594,VSTR-00002640,CVPerf172,CVUser172
5150819507287756,VSTR-00002583,GPerf240,GUser240
5150823011383039,VSTR-00003477,GPerf578,GUser578
5150826149312253,VSTR-00004331,MOPerf893,MOUser893
5150823365932601,VSTR-00003554,MOPerf602,MOUser602
5150821955303129,VSTR-00003239,GPerf487,GUser487
5150820554962515,VSTR-00002905,GPerf362,GUser362
5150817768912619,VSTR-00002190,GPerf091,GUser091
5150817407546929,VSTR-00002028,MOPerf030,MOUser030
5150826497160857,VSTR-00004373,GPerf917,GUser917
5150822659847880,VSTR-00003377,GPerf540,GUser540
5150824402433615,VSTR-00003857,MOPerf716,MOUser716
5150805785360063,VSTR-00002019,CVPerf018,CVUser018
5150834207913626,VSTR-00006408,MOPerf1677,MOUser1677
5150819507353322,VSTR-00002602,GPerf247,GUser247
5150824056174227,VSTR-00003795,GPerf698,GUser698
5150825105225406,VSTR-00004033,GPerf788,GUser788
5150818120218159,VSTR-00002281,CVPerf083,CVUser083
5150825105340078,VSTR-00004065,GPerf800,GUser800
5150826843502251,VSTR-00004463,MOPerf942,MOUser942
5150834560710204,VSTR-00006464,MOPerf1698,MOUser1698
5150823011530256,VSTR-00003515,GPerf592,GUser592
5150820203706105,VSTR-00002823,GPerf331,GUser331
5150825450125023,VSTR-00004174,MOPerf835,MOUser835
5150826843666089,VSTR-00004509,GPerf969,GUser969
5150818119988969,VSTR-00002220,CVPerf068,CVUser068
5150824745481933,VSTR-00003938,GPerf752,GUser752
5150819507451540,VSTR-00002628,GPerf257,GUser257
5150823706539681,VSTR-00003710,CVPerf436,CVUser436
5150822659995202,VSTR-00003416,MOPerf550,MOUser550
5150823365998218,VSTR-00003573,GPerf614,GUser614
5150824056207098,VSTR-00003806,GPerf702,GUser702
5150827204687513,VSTR-00004571,MOPerf983,MOUser983
5150817407842018,VSTR-00002114,GPerf062,GUser062
5150820554765857,VSTR-00002849,MOPerf336,MOUser336
5150820203509446,VSTR-00002767,MOPerf306,MOUser306
5150820901402327,VSTR-00002974,GPerf388,GUser388
5150826497373705,VSTR-00004430,GPerf939,GUser939
5150817768945378,VSTR-00002199,MOPerf094,MOUser094
5150827204769321,VSTR-00004592,MOPerf991,MOUser991
5150817407612548,VSTR-00002048,CVPerf025,CVUser025
5150823706441360,VSTR-00003682,GPerf655,GUser655
5150821955171882,VSTR-00003199,CVPerf311,CVUser311
5150819850827344,VSTR-00002744,CVPerf198,CVUser198
5150821955352234,VSTR-00003252,GPerf492,GUser492
5150820203574855,VSTR-00002783,GPerf316,GUser316
5150818474817160,VSTR-00002377,GPerf162,GUser162
5150819507271182,VSTR-00002576,GPerf237,GUser237
5150818119988805,VSTR-00002217,GPerf101,GUser101
5150824055961173,VSTR-00003734,CVPerf442,CVUser442
5150825105372780,VSTR-00004073,GPerf803,GUser803
5150817407792691,VSTR-00002097,GPerf056,GUser056
5150820203738700,VSTR-00002829,GPerf333,GUser333
5150826843535015,VSTR-00004472,GPerf955,GUser955
5150818817685237,VSTR-00002409,MOPerf172,MOUser172
5150820554749668,VSTR-00002848,CVPerf224,CVUser224
5150827204834837,VSTR-00004610,MOPerf998,MOUser998
5150828608698070,VSTR-00004982,MOPerf1138,MOUser1138
5150826497324762,VSTR-00004421,CVPerf611,CVUser611
5150825450043046,VSTR-00004150,MOPerf826,MOUser826
5150823366211121,VSTR-00003632,MOPerf631,MOUser631
5150827204589241,VSTR-00004544,MOPerf973,MOUser973
5150822659962613,VSTR-00003411,CVPerf362,CVUser362
5150819165910544,VSTR-00002522,GPerf217,GUser217
5150823011350174,VSTR-00003466,GPerf574,GUser574
5150823011563061,VSTR-00003524,CVPerf390,CVUser390
5150805785146941,VSTR-00001957,GPerf003,GUser003
5150821955434101,VSTR-00003274,CVPerf329,CVUser329
5150825105340028,VSTR-00004064,MOPerf794,MOUser794
5150805785343549,VSTR-00002012,GPerf024,GUser024
5150826843747842,VSTR-00004529,MOPerf967,MOUser967
5150817407596084,VSTR-00002041,GPerf035,GUser035
5150822660126336,VSTR-00003454,MOPerf564,MOUser564
5150805785196108,VSTR-00001971,CVPerf006,CVUser006
5150819507484405,VSTR-00002639,GPerf261,GUser261
5150825450059343,VSTR-00004153,MOPerf827,MOUser827
5150833854887596,VSTR-00006291,MOPerf1632,MOUser1632
5150817407776331,VSTR-00002093,CVPerf036,CVUser036
5150824745678481,VSTR-00003993,CVPerf505,CVUser505
5150826149246628,VSTR-00004311,GPerf894,GUser894
5150828608517656,VSTR-00004928,MOPerf1118,MOUser1118
5150825449993888,VSTR-00004136,GPerf827,GUser827
5150818119972507,VSTR-00002214,GPerf100,GUser100
5150828608501252,VSTR-00004923,MOPerf1116,MOUser1116
5150826843600579,VSTR-00004491,GPerf962,GUser962
5150833854952999,VSTR-00006307,MOPerf1638,MOUser1638
5150817768945207,VSTR-00002196,GPerf093,GUser093
5150820554782319,VSTR-00002855,GPerf343,GUser343
5150828608665207,VSTR-00004971,MOPerf1134,MOUser1134
5150827901023832,VSTR-00004745,MOPerf1049,MOUser1049
5150820203476691,VSTR-00002758,GPerf306,GUser306
5150822659929798,VSTR-00003400,MOPerf544,MOUser544
5150826149131834,VSTR-00004277,MOPerf873,MOUser873
5150825797858916,VSTR-00004188,GPerf847,GUser847
5150826497209917,VSTR-00004385,MOPerf913,MOUser913
5150820203591201,VSTR-00002787,MOPerf313,MOUser313
5150817768961730,VSTR-00002203,GPerf096,GUser096
5150817768814176,VSTR-00002160,CVPerf053,CVUser053
5150826149246514,VSTR-00004309,GPerf893,GUser893
5150827204703918,VSTR-00004576,MOPerf985,MOUser985
5150827204638462,VSTR-00004559,GPerf988,GUser988
5150818817767105,VSTR-00002431,CVPerf120,CVUser120
5150826843682552,VSTR-00004515,CVPerf634,CVUser634
5150817768797775,VSTR-00002155,CVPerf052,CVUser052
5150823366178308,VSTR-00003622,GPerf632,GUser632
5150833854969404,VSTR-00006312,MOPerf1640,MOUser1640
5150818474653262,VSTR-00002330,GPerf144,GUser144
5150826149164700,VSTR-00004288,GPerf885,GUser885
5150826843665977,VSTR-00004507,CVPerf632,CVUser632
5150826497177098,VSTR-00004375,GPerf918,GUser918
5150819850794700,VSTR-00002737,GPerf298,GUser298
5150821955286555,VSTR-00003231,GPerf484,GUser484
5150818120037911,VSTR-00002230,GPerf106,GUser106
5150821955434040,VSTR-00003273,GPerf500,GUser500
5150826149295678,VSTR-00004323,MOPerf890,MOUser890
5150833854936595,VSTR-00006302,MOPerf1636,MOUser1636
5150827204736620,VSTR-00004584,MOPerf988,MOUser988
5150817768765123,VSTR-00002148,GPerf075,GUser075
5150830028535348,VSTR-00005268,MOPerf1245,MOUser1245
5150819850581744,VSTR-00002678,GPerf276,GUser276
5150820554864183,VSTR-00002877,GPerf351,GUser351
5150819165763212,VSTR-00002483,GPerf202,GUser202
5150822660077230,VSTR-00003441,MOPerf559,MOUser559
5150830028797529,VSTR-00005343,MOPerf1273,MOUser1273
5150823706506763,VSTR-00003698,GPerf661,GUser661
5150823366047393,VSTR-00003588,CVPerf406,CVUser406
5150820554847886,VSTR-00002874,GPerf350,GUser350
5150819850614386,VSTR-00002685,CVPerf183,CVUser183
5150823366014578,VSTR-00003579,GPerf616,GUser616
5150819507533518,VSTR-00002652,GPerf266,GUser266
5150824056174114,VSTR-00003793,GPerf697,GUser697
5150822312080950,VSTR-00003372,GPerf538,GUser538
5150823011530422,VSTR-00003518,MOPerf588,MOUser588
5150819507287806,VSTR-00002584,CVPerf158,CVUser158
5150825105225293,VSTR-00004031,GPerf787,GUser787
5150823011579637,VSTR-00003532,CVPerf392,CVUser392
5150825449961186,VSTR-00004128,GPerf824,GUser824
5150826149148245,VSTR-00004282,MOPerf875,MOUser875
5150819507238530,VSTR-00002567,CVPerf154,CVUser154
5150825798022813,VSTR-00004235,GPerf865,GUser865
5150823706457651,VSTR-00003685,CVPerf430,CVUser430
5150824745612803,VSTR-00003972,GPerf765,GUser765
5150825798071813,VSTR-00004246,GPerf869,GUser869
5150830376924714,VSTR-00005409,MOPerf1298,MOUser1298
5150819166058027,VSTR-00002564,CVPerf153,CVUser153
5150823011415741,VSTR-00003485,GPerf581,GUser581
5150822311900872,VSTR-00003324,CVPerf341,CVUser341
5150818474587808,VSTR-00002313,CVPerf091,CVUser091
5150821955450614,VSTR-00003281,GPerf503,GUser503
5150833160418829,VSTR-00006136,MOPerf1573,MOUser1573
5150824056190524,VSTR-00003798,GPerf699,GUser699
5150825105405601,VSTR-00004083,MOPerf801,MOUser801
5150820203705941,VSTR-00002820,CVPerf217,CVUser217
5150823706523167,VSTR-00003703,GPerf663,GUser663
5150821607454342,VSTR-00003189,GPerf468,GUser468
5150819165812265,VSTR-00002495,CVPerf136,CVUser136
5150819165943520,VSTR-00002535,CVPerf146,CVUser146
5150821955466854,VSTR-00003283,CVPerf331,CVUser331
5150818817766995,VSTR-00002429,GPerf182,GUser182
5150817407809206,VSTR-00002104,CVPerf039,CVUser039
5150825797957134,VSTR-00004214,GPerf857,GUser857
5150826497177321,VSTR-00004379,MOPerf911,MOUser911
5150828953204270,VSTR-00005009,MOPerf1148,MOUser1148
5150819850532580,VSTR-00002664,CVPerf178,CVUser178
5150825450157665,VSTR-00004180,GPerf844,GUser844
5150827549685480,VSTR-00004690,MOPerf1028,MOUser1028
5150818817668726,VSTR-00002402,CVPerf113,CVUser113
5150833505400563,VSTR-00006244,MOPerf1614,MOUser1614
5150818474702487,VSTR-00002345,GPerf150,GUser150
5150823706474225,VSTR-00003693,MOPerf654,MOUser654
5150824745612910,VSTR-00003974,MOPerf760,MOUser760
5150825450059285,VSTR-00004152,CVPerf544,CVUser544
5150823011432150,VSTR-00003490,GPerf583,GUser583
5150825105290922,VSTR-00004051,MOPerf789,MOUser789
5150805785392655,VSTR-00002025,MOPerf029,MOUser029
5150817407841908,VSTR-00002112,CVPerf041,CVUser041
5150825449895663,VSTR-00004110,GPerf817,GUser817
5150823366194882,VSTR-00003629,GPerf635,GUser635
5150823011464902,VSTR-00003498,MOPerf581,MOUser581
5150805785179699,VSTR-00001967,GPerf007,GUser007
5150823706605257,VSTR-00003729,MOPerf668,MOUser668
5150819850630744,VSTR-00002689,GPerf280,GUser280
5150821955401339,VSTR-00003265,GPerf497,GUser497
5150834207848052,VSTR-00006389,MOPerf1670,MOUser1670
5150820203476581,VSTR-00002757,MOPerf302,MOUser302
5150826843649685,VSTR-00004504,GPerf967,GUser967
5150817768666794,VSTR-00002120,CVPerf043,CVUser043
5150824056010275,VSTR-00003747,CVPerf445,CVUser445
5150820554929753,VSTR-00002896,CVPerf236,CVUser236
5150829312702033,VSTR-00005104,MOPerf1183,MOUser1183
5150822660110045,VSTR-00003450,GPerf568,GUser568
5150805785261786,VSTR-00001992,CVPerf011,CVUser011
5150817768928855,VSTR-00002192,CVPerf061,CVUser061
5150823011546662,VSTR-00003519,CVPerf389,CVUser389
5150823706392084,VSTR-00003666,GPerf649,GUser649
5150818817783456,VSTR-00002434,CVPerf121,CVUser121
5150826497275433,VSTR-00004403,MOPerf920,MOUser920
5150828608419557,VSTR-00004904,MOPerf1109,MOUser1109
5150822311818791,VSTR-00003298,MOPerf506,MOUser506
5150821607454451,VSTR-00003191,CVPerf309,CVUser309
5150824745662129,VSTR-00003989,CVPerf504,CVUser504
5150819166041645,VSTR-00002560,CVPerf152,CVUser152
5150818817930788,VSTR-00002474,CVPerf131,CVUser131
5150827900942023,VSTR-00004724,MOPerf1041,MOUser1041
5150828257326832,VSTR-00004864,MOPerf1094,MOUser1094
5150826843731544,VSTR-00004526,MOPerf966,MOUser966
5150823706310219,VSTR-00003644,CVPerf420,CVUser420
5150818120087076,VSTR-00002244,CVPerf074,CVUser074
5150825798039224,VSTR-00004240,CVPerf566,CVUser566
5150818120152703,VSTR-00002264,CVPerf079,CVUser079
5150825449862685,VSTR-00004097,GPerf812,GUser812
5150822660028117,VSTR-00003426,GPerf559,GUser559
5150825797924482,VSTR-00004207,GPerf854,GUser854
5150823706359495,VSTR-00003660,CVPerf424,CVUser424
5150823706359545,VSTR-00003661,GPerf647,GUser647
5150823366063692,VSTR-00003592,GPerf621,GUser621
5150818474636971,VSTR-00002327,GPerf143,GUser143
5150824745432827,VSTR-00003926,GPerf747,GUser747
5150819166058087,VSTR-00002565,GPerf233,GUser233
5150823706523280,VSTR-00003705,CVPerf435,CVUser435
5150818817750704,VSTR-00002426,CVPerf119,CVUser119
5150823706310387,VSTR-00003647,GPerf642,GUser642
5150827549603340,VSTR-00004663,MOPerf1018,MOUser1018
5150818474620510,VSTR-00002321,CVPerf093,CVUser093
5150832803771955,VSTR-00006010,MOPerf1525,MOUser1525
5150805785228868,VSTR-00001980,GPerf012,GUser012
5150824056206872,VSTR-00003802,MOPerf695,MOUser695
5150833505302069,VSTR-00006213,MOPerf1602,MOUser1602
5150828953384517,VSTR-00005060,MOPerf1167,MOUser1167
5150820554979027,VSTR-00002912,CVPerf240,CVUser240
5150833854887430,VSTR-00006288,MOPerf1631,MOUser1631
5150818120070724,VSTR-00002240,CVPerf073,CVUser073
5150826497128106,VSTR-00004364,GPerf914,GUser914
5150828608517826,VSTR-00004931,MOPerf1119,MOUser1119
5150823706392247,VSTR-00003669,CVPerf426,CVUser426
5150822659847930,VSTR-00003378,CVPerf354,CVUser354
5150820554880588,VSTR-00002882,GPerf353,GUser353
5150830376826609,VSTR-00005385,MOPerf1289,MOUser1289
5150818120152590,VSTR-00002262,GPerf118,GUser118
5150823011366466,VSTR-00003469,GPerf575,GUser575
5150825798039051,VSTR-00004237,CVPerf565,CVUser565
5150826497259194,VSTR-00004401,MOPerf919,MOUser919
5150833854838369,VSTR-00006276,MOPerf1626,MOUser1626
5150823011612229,VSTR-00003538,GPerf601,GUser601
5150823366227584,VSTR-00003638,MOPerf633,MOUser633
5150822660109932,VSTR-00003449,GPerf567,GUser567
5150817768928916,VSTR-00002193,GPerf092,GUser092
5150833854920298,VSTR-00006299,MOPerf1635,MOUser1635
5150819850712665,VSTR-00002712,CVPerf190,CVUser190
5150824056207038,VSTR-00003805,CVPerf459,CVUser459
5150824056076015,VSTR-00003769,GPerf688,GUser688
5150819850647199,VSTR-00002694,GPerf282,GUser282
5150821955286725,VSTR-00003234,GPerf485,GUser485
5150824402319044,VSTR-00003826,CVPerf464,CVUser464
5150826843715081,VSTR-00004520,CVPerf635,CVUser635
5150826843485738,VSTR-00004456,CVPerf620,CVUser620
5150824056157761,VSTR-00003789,CVPerf455,CVUser455
5150822311982677,VSTR-00003345,CVPerf346,CVUser346
5150817407563272,VSTR-00002032,CVPerf021,CVUser021
5150827204867701,VSTR-00004621,MOPerf1002,MOUser1002
5150822312015553,VSTR-00003356,GPerf532,GUser532
5150820203591262,VSTR-00002789,CVPerf209,CVUser209
5150824745629427,VSTR-00003981,CVPerf502,CVUser502
5150823706392197,VSTR-00003668,GPerf650,GUser650
5150817768781364,VSTR-00002150,MOPerf076,MOUser076
5150817407776504,VSTR-00002096,CVPerf037,CVUser037
5150827549537830,VSTR-00004645,MOPerf1011,MOUser1011
5150818817701479,VSTR-00002411,GPerf175,GUser175
5150819850630687,VSTR-00002688,CVPerf184,CVUser184
5150817768945156,VSTR-00002195,CVPerf062,CVUser062
5150825450042933,VSTR-00004148,CVPerf543,CVUser543
5150818817766932,VSTR-00002427,GPerf181,GUser181
5150818817881680,VSTR-00002461,GPerf194,GUser194
5150823366243938,VSTR-00003642,GPerf640,GUser640
5150823706474174,VSTR-00003692,GPerf659,GUser659
5150825105405652,VSTR-00004084,GPerf807,GUser807
5150819507369620,VSTR-00002605,GPerf248,GUser248
5150826843469386,VSTR-00004452,MOPerf938,MOUser938
5150827204818596,VSTR-00004608,MOPerf997,MOUser997
5150821955450502,VSTR-00003279,CVPerf330,CVUser330
5150824055961280,VSTR-00003736,GPerf675,GUser675
5150805785146891,VSTR-00001956,MOPerf003,MOUser003
5150823706425062,VSTR-00003679,GPerf654,GUser654
5150805785261677,VSTR-00001990,GPerf016,GUser016
5150819850614277,VSTR-00002683,GPerf278,GUser278
5150819850696424,VSTR-00002710,GPerf288,GUser288
5150824056125171,VSTR-00003783,MOPerf688,MOUser688
5150820203738642,VSTR-00002828,CVPerf219,CVUser219
5150821955401398,VSTR-00003266,CVPerf327,CVUser327
5150829312767551,VSTR-00005122,MOPerf1190,MOUser1190
5150821607470691,VSTR-00003193,MOPerf466,MOUser466
5150805785130598,VSTR-00001954,GPerf002,GUser002
5150824056239680,VSTR-00003812,MOPerf699,MOUser699
5150822311851768,VSTR-00003311,CVPerf338,CVUser338
5150822660142697,VSTR-00003458,GPerf571,GUser571
5150818817750531,VSTR-00002423,CVPerf118,CVUser118
5150818120234510,VSTR-00002286,CVPerf084,CVUser084
5150817768748599,VSTR-00002141,CVPerf048,CVUser048
5150820203558617,VSTR-00002782,MOPerf311,MOUser311
5150818817619671,VSTR-00002390,CVPerf110,CVUser110
5150817768716010,VSTR-00002135,GPerf070,GUser070
5150825105421944,VSTR-00004087,CVPerf528,CVUser528
5150818817750641,VSTR-00002425,GPerf180,GUser180
5150822660126286,VSTR-00003453,GPerf569,GUser569
5150827549783697,VSTR-00004716,MOPerf1038,MOUser1038
5150825797973538,VSTR-00004219,GPerf859,GUser859
5150822312048142,VSTR-00003362,GPerf534,GUser534
5150822659913224,VSTR-00003392,MOPerf541,MOUser541
5150827204720379,VSTR-00004582,MOPerf987,MOUser987
5150823011464848,VSTR-00003499,GPerf586,GUser586
5150822311851707,VSTR-00003310,GPerf514,GUser514
5150825798039111,VSTR-00004238,GPerf866,GUser866
5150822311966336,VSTR-00003341,GPerf526,GUser526
5150824056043251,VSTR-00003760,CVPerf448,CVUser448
5150824056157707,VSTR-00003788,MOPerf690,MOUser690
5150822311851594,VSTR-00003308,CVPerf337,CVUser337
5150837005498096,VSTR-00007109,MOPerf1940,MOUser1940
5150825105389078,VSTR-00004076,GPerf804,GUser804
5150824056010336,VSTR-00003748,GPerf680,GUser680
5150821955237562,VSTR-00003220,CVPerf316,CVUser316
5150805785163345,VSTR-00001962,MOPerf005,MOUser005
5150822660126456,VSTR-00003456,GPerf570,GUser570
5150827204621997,VSTR-00004553,CVPerf643,CVUser643
5150822312064658,VSTR-00003369,CVPerf352,CVUser352
5150827204835000,VSTR-00004613,MOPerf999,MOUser999
5150821955270373,VSTR-00003230,MOPerf480,MOUser480
5150829312833187,VSTR-00005142,MOPerf1198,MOUser1198
5150825798071926,VSTR-00004248,GPerf870,GUser870
5150827549619913,VSTR-00004671,MOPerf1021,MOUser1021
5150826149377604,VSTR-00004346,GPerf907,GUser907
5150832803935852,VSTR-00006057,MOPerf1543,MOUser1543
5150823706342921,VSTR-00003652,CVPerf422,CVUser422
5150833854821966,VSTR-00006271,MOPerf1624,MOUser1624
5150819850712715,VSTR-00002713,GPerf289,GUser289
5150827204883992,VSTR-00004624,MOPerf1003,MOUser1003
5150805785130703,VSTR-00001955,CVPerf002,CVUser002
5150835949876898,VSTR-00006852,MOPerf1844,MOUser1844
5150818474669786,VSTR-00002337,CVPerf097,CVUser097
5150828257375768,VSTR-00004875,MOPerf1098,MOUser1098
5150820203755104,VSTR-00002834,GPerf335,GUser335
5150818474833620,VSTR-00002383,GPerf164,GUser164
5150817407841848,VSTR-00002111,GPerf061,GUser061
5150819850696364,VSTR-00002709,CVPerf189,CVUser189
5150829312865826,VSTR-00005148,MOPerf1200,MOUser1200
5150819850680020,VSTR-00002704,CVPerf188,CVUser188
5150821955188283,VSTR-00003204,CVPerf312,CVUser312
5150823706310326,VSTR-00003646,MOPerf636,MOUser636
5150823011366403,VSTR-00003468,CVPerf376,CVUser376
5150819507402487,VSTR-00002616,CVPerf166,CVUser166
5150825449928252,VSTR-00004116,CVPerf535,CVUser535
5150822311884408,VSTR-00003318,GPerf517,GUser517
5150818817816271,VSTR-00002445,GPerf188,GUser188
5150822311900762,VSTR-00003322,GPerf519,GUser519
5150819507435190,VSTR-00002624,CVPerf168,CVUser168
5150805785392705,VSTR-00002026,GPerf029,GUser029
5150823011563173,VSTR-00003525,GPerf596,GUser596
5150820203460117,VSTR-00002750,GPerf303,GUser303
5150819165795914,VSTR-00002490,GPerf205,GUser205
5150833854805668,VSTR-00006268,MOPerf1623,MOUser1623
5150823011382814,VSTR-00003473,MOPerf571,MOUser571
5150820554913290,VSTR-00002890,GPerf356,GUser356
5150820554749503,VSTR-00002845,GPerf339,GUser339
5150819165927004,VSTR-00002528,GPerf219,GUser219
5150824056059492,VSTR-00003762,MOPerf680,MOUser680
5150821955286778,VSTR-00003235,MOPerf482,MOUser482
5150823366047331,VSTR-00003587,GPerf619,GUser619
5150820203607662,VSTR-00002793,CVPerf210,CVUser210
5150832803952142,VSTR-00006060,MOPerf1544,MOUser1544
5150820554913351,VSTR-00002891,CVPerf235,CVUser235
5150823011628689,VSTR-00003544,GPerf603,GUser603
5150818817881846,VSTR-00002464,GPerf195,GUser195
5150827549718019,VSTR-00004695,MOPerf1030,MOUser1030
5150827549734423,VSTR-00004700,MOPerf1032,MOUser1032
5150818120251134,VSTR-00002294,CVPerf086,CVUser086
5150834207929867,VSTR-00006410,MOPerf1678,MOUser1678
5150825105258158,VSTR-00004042,CVPerf517,CVUser517
5150805785359953,VSTR-00002017,GPerf026,GUser026
5150823011382978,VSTR-00003476,CVPerf378,CVUser378
5150818120201807,VSTR-00002277,CVPerf082,CVUser082
5150833854871241,VSTR-00006286,MOPerf1630,MOUser1630
5150821955352121,VSTR-00003250,GPerf491,GUser491
5150819507418725,VSTR-00002618,GPerf253,GUser253
5150822660159098,VSTR-00003463,CVPerf375,CVUser375
5150825798088217,VSTR-00004251,GPerf871,GUser871
5150822660011657,VSTR-00003422,GPerf557,GUser557
5150826497422868,VSTR-00004444,MOPerf935,MOUser935
5150824745629264,VSTR-00003978,GPerf767,GUser767
5150819507238644,VSTR-00002570,GPerf235,GUser235
5150817768699606,VSTR-00002130,GPerf068,GUser068
5150826149181060,VSTR-00004292,CVPerf579,CVUser579
5150818817865441,VSTR-00002459,GPerf193,GUser193
5150821955434210,VSTR-00003276,GPerf501,GUser501
5150823365965415,VSTR-00003564,CVPerf400,CVUser400
5150822311769789,VSTR-00003287,CVPerf332,CVUser332
5150828257146579,VSTR-00004814,MOPerf1075,MOUser1075
5150822659995315,VSTR-00003418,CVPerf364,CVUser364
5150827204769490,VSTR-00004595,MOPerf992,MOUser992
5150826843715194,VSTR-00004522,GPerf974,GUser974
5150824056141359,VSTR-00003784,CVPerf454,CVUser454
5150823706588684,VSTR-00003721,MOPerf665,MOUser665
5150823365949009,VSTR-00003560,GPerf609,GUser609
5150821955270151,VSTR-00003226,GPerf482,GUser482
5150826149361366,VSTR-00004344,MOPerf898,MOUser898
5150826843551417,VSTR-00004477,CVPerf625,CVUser625
5150826149246571,VSTR-00004310,MOPerf885,MOUser885
5150818474718948,VSTR-00002351,GPerf152,GUser152
5150826497422918,VSTR-00004445,CVPerf617,CVUser617
5150825105356489,VSTR-00004070,GPerf802,GUser802
5150823011481195,VSTR-00003501,GPerf587,GUser587
5150825449944612,VSTR-00004121,GPerf821,GUser821
5150819165812438,VSTR-00002498,CVPerf137,CVUser137
5150822311769730,VSTR-00003286,GPerf505,GUser505
5150805785245272,VSTR-00001985,GPerf014,GUser014
5150826843731492,VSTR-00004525,GPerf975,GUser975
5150827204900403,VSTR-00004629,MOPerf1005,MOUser1005
5150825449961016,VSTR-00004125,GPerf823,GUser823
5150821955401458,VSTR-00003267,MOPerf494,MOUser494
5150823706326731,VSTR-00003651,MOPerf638,MOUser638
5150826843649738,VSTR-00004505,MOPerf958,MOUser958
5150826497259245,VSTR-00004402,GPerf928,GUser928
5150826497423091,VSTR-00004448,CVPerf618,CVUser618
5150826843633334,VSTR-00004500,MOPerf956,MOUser956
5150824056124958,VSTR-00003779,GPerf692,GUser692
5150826843469333,VSTR-00004451,GPerf947,GUser947
5150822659995252,VSTR-00003417,GPerf555,GUser555
5150822659962440,VSTR-00003407,CVPerf361,CVUser361
5150824745547499,VSTR-00003958,GPerf759,GUser759
5150820203492872,VSTR-00002759,MOPerf303,MOUser303
5150827549750996,VSTR-00004708,MOPerf1035,MOUser1035
5150819507516995,VSTR-00002645,CVPerf173,CVUser173
5150825798006522,VSTR-00004233,GPerf864,GUser864
5150829312636519,VSTR-00005086,MOPerf1177,MOUser1177
5150818474669673,VSTR-00002335,GPerf146,GUser146
5150822659946202,VSTR-00003405,MOPerf546,MOUser546
5150823366194832,VSTR-00003630,MOPerf630,MOUser630
5150827549799938,VSTR-00004718,MOPerf1039,MOUser1039
5150820203640424,VSTR-00002802,GPerf323,GUser323
5150818817799867,VSTR-00002440,GPerf186,GUser186
5150825450108561,VSTR-00004168,CVPerf548,CVUser548
5150818120054484,VSTR-00002238,GPerf109,GUser109
5150825449977475,VSTR-00004131,MOPerf819,MOUser819
5150819850811043,VSTR-00002741,CVPerf197,CVUser197
5150824056190574,VSTR-00003799,MOPerf694,MOUser694
5150821955155531,VSTR-00003195,CVPerf310,CVUser310
5150825105274512,VSTR-00004046,MOPerf787,MOUser787
5150822660060719,VSTR-00003434,GPerf562,GUser562
5150826843584006,VSTR-00004483,GPerf959,GUser959
5150819165910707,VSTR-00002525,GPerf218,GUser218
5150822311802551,VSTR-00003296,MOPerf505,MOUser505
5150818817685127,VSTR-00002407,CVPerf114,CVUser114
5150828953187866,VSTR-00005004,MOPerf1146,MOUser1146
5150829312882180,VSTR-00005153,MOPerf1202,MOUser1202
5150817407563383,VSTR-00002033,GPerf032,GUser032
5150825450043106,VSTR-00004151,GPerf833,GUser833
5150826843633224,VSTR-00004498,CVPerf630,CVUser630
5150805785245385,VSTR-00001987,CVPerf010,CVUser010
5150824056026627,VSTR-00003750,GPerf681,GUser681
5150805785294433,VSTR-00001999,MOPerf019,MOUser019
5150820901402155,VSTR-00002971,CVPerf255,CVUser255
5150826497308188,VSTR-00004412,GPerf932,GUser932
5150823706588734,VSTR-00003722,GPerf670,GUser670
5150304462796354,VSTR-00001947,Perf0001,User0001
5150822311966386,VSTR-00003342,MOPerf522,MOUser522
5150817407677952,VSTR-00002064,CVPerf029,CVUser029
5150822659880634,VSTR-00003386,CVPerf356,CVUser356
5150824056125121,VSTR-00003782,GPerf693,GUser693
5150823011645041,VSTR-00003548,CVPerf396,CVUser396
5150825105307263,VSTR-00004055,GPerf796,GUser796
5150822660060882,VSTR-00003437,GPerf563,GUser563
5150819507271232,VSTR-00002575,CVPerf156,CVUser156
5150825449977528,VSTR-00004132,CVPerf539,CVUser539
5150833505384158,VSTR-00006239,MOPerf1612,MOUser1612
5150818817668664,VSTR-00002401,GPerf171,GUser171
5150818474735129,VSTR-00002352,MOPerf151,MOUser151
5150819165746921,VSTR-00002480,GPerf201,GUser201
5150820203558498,VSTR-00002779,GPerf314,GUser314
5150826149230335,VSTR-00004308,CVPerf583,CVUser583
5150833505351293,VSTR-00006228,MOPerf1608,MOUser1608
5150805785343489,VSTR-00002011,CVPerf016,CVUser016
5150826843535074,VSTR-00004474,CVPerf624,CVUser624
5150819850761828,VSTR-00002726,GPerf294,GUser294
5150819507386024,VSTR-00002610,GPerf250,GUser250
5150818120169054,VSTR-00002268,CVPerf080,CVUser080
5150828608435848,VSTR-00004907,MOPerf1110,MOUser1110
5150829312816663,VSTR-00005136,MOPerf1195,MOUser1195
5150819166041627,VSTR-00002559,GPerf231,GUser231
5150817768863400,VSTR-00002175,MOPerf085,MOUser085
5150823011497719,VSTR-00003509,MOPerf585,MOUser585
5150818474636911,VSTR-00002326,CVPerf094,CVUser094
5150817407809033,VSTR-00002101,CVPerf038,CVUser038
5150824745662017,VSTR-00003987,MOPerf765,MOUser765
5150825797973706,VSTR-00004221,CVPerf561,CVUser561
5150822311999144,VSTR-00003351,GPerf530,GUser530
5150819165943348,VSTR-00002532,MOPerf218,MOUser218
5150823706556145,VSTR-00003717,GPerf668,GUser668
5150819507451590,VSTR-00002629,CVPerf169,CVUser169
5150817407596147,VSTR-00002043,CVPerf024,CVUser024
5150826843682329,VSTR-00004511,CVPerf633,CVUser633
5150821955270264,VSTR-00003228,CVPerf318,CVUser318
5150817407661764,VSTR-00002063,MOPerf043,MOUser043
5150817768945265,VSTR-00002197,MOPerf093,MOUser093
5150817768797938,VSTR-00002159,GPerf079,GUser079
5150822311933634,VSTR-00003333,GPerf523,GUser523
5150823011366516,VSTR-00003470,MOPerf570,MOUser570
5150825105356539,VSTR-00004071,CVPerf524,CVUser524
5150826497291947,VSTR-00004410,GPerf931,GUser931
5150825105274399,VSTR-00004044,GPerf792,GUser792
5150819165845026,VSTR-00002504,GPerf210,GUser210
5150824745662075,VSTR-00003988,GPerf771,GUser771
5150818120136292,VSTR-00002259,GPerf117,GUser117
5150822311949875,VSTR-00003335,GPerf524,GUser524
5150819507451427,VSTR-00002626,GPerf256,GUser256
5150817768765173,VSTR-00002149,CVPerf050,CVUser050
5150834560677619,VSTR-00006458,MOPerf1696,MOUser1696
5150820554929698,VSTR-00002894,GPerf358,GUser358
5150823706539741,VSTR-00003711,MOPerf661,MOUser661
5150819507435016,VSTR-00002620,GPerf254,GUser254
5150830028682850,VSTR-00005311,MOPerf1261,MOUser1261
5150825450059449,VSTR-00004155,MOPerf828,MOUser828
5150805785147054,VSTR-00001958,GPerf004,GUser004
5150824056206979,VSTR-00003804,MOPerf696,MOUser696
5150817407628899,VSTR-00002052,CVPerf026,CVUser026
5150822311917273,VSTR-00003329,CVPerf342,CVUser342
5150822311818842,VSTR-00003299,GPerf510,GUser510
5150828608697960,VSTR-00004980,MOPerf1137,MOUser1137
5150825450010177,VSTR-00004139,MOPerf822,MOUser822
5150833160369721,VSTR-00006123,MOPerf1568,MOUser1568
5150825450026532,VSTR-00004143,CVPerf542,CVUser542
5150829312751146,VSTR-00005117,MOPerf1188,MOUser1188
5150817407825444,VSTR-00002105,MOPerf059,MOUser059
5150823011481258,VSTR-00003503,CVPerf385,CVUser385
5150825450141374,VSTR-00004178,GPerf843,GUser843
5150825797989999,VSTR-00004225,CVPerf562,CVUser562
5150822659913277,VSTR-00003393,GPerf546,GUser546
5150824745514634,VSTR-00003947,MOPerf750,MOUser750
5150819165779623,VSTR-00002488,GPerf204,GUser204
5150827204605597,VSTR-00004548,GPerf984,GUser984
5150820203574909,VSTR-00002784,CVPerf208,CVUser208
5150820901304047,VSTR-00002947,CVPerf249,CVUser249
5150821955221159,VSTR-00003215,GPerf478,GUser478
5150827900974839,VSTR-00004734,MOPerf1045,MOUser1045
5150827204654645,VSTR-00004560,MOPerf979,MOUser979
5150834207798827,VSTR-00006374,MOPerf1664,MOUser1664
5150822660093694,VSTR-00003447,CVPerf371,CVUser371
5150826497406627,VSTR-00004442,MOPerf934,MOUser934
5150822311867954,VSTR-00003312,MOPerf511,MOUser511
5150825798006410,VSTR-00004230,GPerf863,GUser863
5150817768797825,VSTR-00002156,GPerf078,GUser078
5150824745514524,VSTR-00003945,CVPerf493,CVUser493
5150817407727168,VSTR-00002078,MOPerf049,MOUser049
5150829312800422,VSTR-00005132,MOPerf1194,MOUser1194
5150823366145720,VSTR-00003615,MOPerf625,MOUser625
5150825105127025,VSTR-00004004,GPerf777,GUser777
5150805785114359,VSTR-00001951,GPerf001,GUser001
5150826843551357,VSTR-00004476,MOPerf947,MOUser947
5150817768912512,VSTR-00002188,GPerf090,GUser090
5150826843518491,VSTR-00004465,GPerf952,GUser952
5150819165959870,VSTR-00002539,CVPerf147,CVUser147
5150819507500703,VSTR-00002642,GPerf262,GUser262
5150826149148185,VSTR-00004281,CVPerf576,CVUser576
5150818817668833,VSTR-00002403,GPerf172,GUser172
5150805785179869,VSTR-00001970,MOPerf008,MOUser008
5150818120021506,VSTR-00002225,GPerf104,GUser104
5150818817685187,VSTR-00002408,GPerf174,GUser174
5150826843534902,VSTR-00004470,GPerf954,GUser954
5150825797940773,VSTR-00004209,GPerf855,GUser855
5150823011497550,VSTR-00003507,MOPerf584,MOUser584
5150825450124970,VSTR-00004173,GPerf841,GUser841
5150824402335447,VSTR-00003830,MOPerf706,MOUser706
5150805785147104,VSTR-00001960,CVPerf003,CVUser003
5150821955155644,VSTR-00003197,GPerf471,GUser471
5150817768896045,VSTR-00002182,GPerf088,GUser088
5150828257359364,VSTR-00004870,MOPerf1096,MOUser1096
5150821955204643,VSTR-00003208,GPerf475,GUser475
5150825450075696,VSTR-00004157,GPerf835,GUser835
5150819850729126,VSTR-00002718,GPerf291,GUser291
5150819850532519,VSTR-00002663,GPerf270,GUser270
5150820554765908,VSTR-00002850,GPerf341,GUser341
5150825105290972,VSTR-00004052,GPerf795,GUser795
5150823011645100,VSTR-00003550,MOPerf600,MOUser600
5150825105274568,VSTR-00004047,GPerf793,GUser793
5150818817652423,VSTR-00002399,CVPerf112,CVUser112
5150826843551467,VSTR-00004478,GPerf957,GUser957
5150833854903893,VSTR-00006294,MOPerf1633,MOUser1633
5150434938402342,VSTR-00001949,PerfWl0001,UserWl0001
5150805785310789,VSTR-00002003,CVPerf014,CVUser014
5150817407694353,VSTR-00002069,CVPerf030,CVUser030
5150827204638299,VSTR-00004556,GPerf987,GUser987
5150823011366577,VSTR-00003471,CVPerf377,CVUser377
5150823366178535,VSTR-00003626,MOPerf629,MOUser629
5150819507385859,VSTR-00002607,GPerf249,GUser249
5150832460478067,VSTR-00005912,MOPerf1488,MOUser1488
5150826843665926,VSTR-00004506,GPerf968,GUser968
5150828608534229,VSTR-00004936,MOPerf1121,MOUser1121
5150827204720215,VSTR-00004579,MOPerf986,MOUser986
5150822311769679,VSTR-00003285,MOPerf501,MOUser501
5150820554880757,VSTR-00002885,GPerf354,GUser354
5150823011448381,VSTR-00003492,CVPerf382,CVUser382
5150823706408488,VSTR-00003671,GPerf651,GUser651
5150817407825557,VSTR-00002108,GPerf060,GUser060
5150818817652260,VSTR-00002396,GPerf169,GUser169
5150826497275486,VSTR-00004405,GPerf929,GUser929
5150835253769803,VSTR-00006694,MOPerf1785,MOUser1785
5150820203689531,VSTR-00002815,GPerf328,GUser328
5150822659995142,VSTR-00003415,CVPerf363,CVUser363
5150819850745418,VSTR-00002721,GPerf292,GUser292
5150829312702146,VSTR-00005106,MOPerf1184,MOUser1184
5150820554864348,VSTR-00002880,CVPerf232,CVUser232
5150828953417218,VSTR-00005068,MOPerf1170,MOUser1170
5150823011644981,VSTR-00003547,GPerf604,GUser604
5150817768912393,VSTR-00002186,MOPerf089,MOUser089
5150819507369562,VSTR-00002604,CVPerf163,CVUser163
5150819850565283,VSTR-00002672,CVPerf180,CVUser180
5150823706572383,VSTR-00003718,CVPerf438,CVUser438
5150825105258108,VSTR-00004041,GPerf791,GUser791
5150824056075790,VSTR-00003765,MOPerf681,MOUser681
5150822312064715,VSTR-00003370,GPerf537,GUser537
5150822312048306,VSTR-00003365,CVPerf351,CVUser351
5150827549734586,VSTR-00004703,MOPerf1033,MOUser1033
5150822660060769,VSTR-00003435,MOPerf557,MOUser557
5150826843469436,VSTR-00004453,CVPerf619,CVUser619
5150825105258055,VSTR-00004040,MOPerf785,MOUser785
5150817768978021,VSTR-00002206,GPerf097,GUser097
5150824056108767,VSTR-00003778,MOPerf686,MOUser686
5150823365932713,VSTR-00003556,CVPerf398,CVUser398
5150820203492982,VSTR-00002761,GPerf307,GUser307
5150822311769616,VSTR-00003284,GPerf504,GUser504
5150818474604043,VSTR-00002315,GPerf138,GUser138
5150833160402588,VSTR-00006134,MOPerf1572,MOUser1572
5150820554913409,VSTR-00002892,MOPerf352,MOUser352
5150819850827394,VSTR-00002745,GPerf301,GUser301
5150824745629377,VSTR-00003980,GPerf768,GUser768
5150826149164593,VSTR-00004286,GPerf884,GUser884
5150818120185455,VSTR-00002273,CVPerf081,CVUser081
5150819165796027,VSTR-00002493,GPerf206,GUser206
5150820555011625,VSTR-00002918,GPerf367,GUser367
5150823706425000,VSTR-00003678,MOPerf648,MOUser648
5150829312653040,VSTR-00005093,MOPerf1179,MOUser1179
5150817407546979,VSTR-00002029,GPerf030,GUser030
5150819850532356,VSTR-00002660,GPerf269,GUser269
5150823706539576,VSTR-00003709,GPerf665,GUser665
5150826497291837,VSTR-00004408,CVPerf608,CVUser608
5150821955352294,VSTR-00003254,MOPerf489,MOUser489
5150824745498230,VSTR-00003942,MOPerf748,MOUser748
5150829312734736,VSTR-00005112,MOPerf1186,MOUser1186
5150818474849861,VSTR-00002385,GPerf165,GUser165
5150818120103650,VSTR-00002252,CVPerf076,CVUser076
5150825105422056,VSTR-00004089,GPerf809,GUser809
5150820554962627,VSTR-00002907,CVPerf239,CVUser239
5150819165894303,VSTR-00002520,GPerf216,GUser216
5150825797875433,VSTR-00004195,MOPerf843,MOUser843
5150826843633164,VSTR-00004497,MOPerf955,MOUser955
5150826843633274,VSTR-00004499,GPerf965,GUser965
5150824056075850,VSTR-00003766,GPerf687,GUser687
5150818120168994,VSTR-00002267,GPerf120,GUser120
5150827204671051,VSTR-00004565,CVPerf646,CVUser646
5150824055977521,VSTR-00003738,GPerf676,GUser676
5150817407841798,VSTR-00002110,MOPerf061,MOUser061
5150818817914486,VSTR-00002471,CVPerf130,CVUser130
5150827204654700,VSTR-00004561,CVPerf645,CVUser645
5150822659929737,VSTR-00003399,CVPerf359,CVUser359
5150817407743529,VSTR-00002083,GPerf051,GUser051
5150825797858967,VSTR-00004189,CVPerf553,CVUser553
5150828257162877,VSTR-00004817,MOPerf1076,MOUser1076
5150822311802601,VSTR-00003297,GPerf509,GUser509
5150819850597985,VSTR-00002680,CVPerf182,CVUser182
5150825105438297,VSTR-00004091,MOPerf804,MOUser804
5150823011530359,VSTR-00003516,CVPerf388,CVUser388
5150825797908078,VSTR-00004202,GPerf852,GUser852
5150820203476522,VSTR-00002755,GPerf305,GUser305
5150823366080202,VSTR-00003598,GPerf623,GUser623
5150818120119888,VSTR-00002254,GPerf115,GUser115
5150826497275599,VSTR-00004406,MOPerf921,MOUser921
5150818474702374,VSTR-00002343,GPerf149,GUser149
5150832112678547,VSTR-00005878,MOPerf1475,MOUser1475
5150833854789264,VSTR-00006263,MOPerf1621,MOUser1621
5150818120267374,VSTR-00002296,GPerf131,GUser131
5150824745498287,VSTR-00003943,GPerf754,GUser754
5150819507402316,VSTR-00002613,GPerf251,GUser251
5150826497423031,VSTR-00004447,MOPerf936,MOUser936
5150819850778119,VSTR-00002729,GPerf295,GUser295
5150826497373925,VSTR-00004434,MOPerf931,MOUser931
5150826497373755,VSTR-00004431,MOPerf930,MOUser930
5150823011513960,VSTR-00003511,CVPerf387,CVUser387
5150817768846878,VSTR-00002168,CVPerf055,CVUser055
5150835253507798,VSTR-00006623,MOPerf1758,MOUser1758
5150822660044528,VSTR-00003433,MOPerf556,MOUser556
5150818120005319,VSTR-00002224,CVPerf069,CVUser069
5150826149131784,VSTR-00004276,CVPerf575,CVUser575
5150823706310276,VSTR-00003645,GPerf641,GUser641
5150824056010386,VSTR-00003749,MOPerf675,MOUser675
5150827204671220,VSTR-00004568,MOPerf982,MOUser982
5150827549619744,VSTR-00004668,MOPerf1020,MOUser1020
5150820901336800,VSTR-00002955,CVPerf251,CVUser251
5150825449862848,VSTR-00004099,GPerf813,GUser813
5150819166008981,VSTR-00002552,GPerf228,GUser228
5150830028748529,VSTR-00005332,MOPerf1269,MOUser1269
5150820203509283,VSTR-00002764,CVPerf203,CVUser203
5150822659962385,VSTR-00003406,GPerf551,GUser551
5150821955417699,VSTR-00003269,MOPerf495,MOUser495
5150819165976220,VSTR-00002543,CVPerf148,CVUser148
5150818119988918,VSTR-00002219,GPerf102,GUser102
5150825797842676,VSTR-00004186,GPerf846,GUser846
5150819850679963,VSTR-00002705,GPerf286,GUser286
5150829312784124,VSTR-00005130,MOPerf1193,MOUser1193
5150817768961557,VSTR-00002200,CVPerf063,CVUser063
5150824745629203,VSTR-00003977,CVPerf501,CVUser501
5150829312915165,VSTR-00005166,MOPerf1207,MOUser1207
5150819850794642,VSTR-00002736,CVPerf196,CVUser196
5150827900941854,VSTR-00004721,MOPerf1040,MOUser1040
5150825797924595,VSTR-00004210,MOPerf848,MOUser848
5150822311851544,VSTR-00003307,GPerf513,GUser513
5150834560693912,VSTR-00006461,MOPerf1697,MOUser1697
5150822311786027,VSTR-00003289,GPerf506,GUser506
5150826497177158,VSTR-00004376,CVPerf600,CVUser600
5150819507304157,VSTR-00002588,CVPerf159,CVUser159
5150828608452145,VSTR-00004910,MOPerf1111,MOUser1111
5150823011579527,VSTR-00003530,GPerf598,GUser598
5150822311786140,VSTR-00003292,CVPerf333,CVUser333
5150833854739988,VSTR-00006247,MOPerf1615,MOUser1615
5150818817717829,VSTR-00002415,CVPerf116,CVUser116
5150818119972394,VSTR-00002212,CVPerf066,CVUser066
5150819165861431,VSTR-00002509,GPerf212,GUser212
5150822659896984,VSTR-00003390,CVPerf357,CVUser357
5150830028650148,VSTR-00005303,MOPerf1258,MOUser1258
5150818120103591,VSTR-00002251,GPerf114,GUser114
5150818474833457,VSTR-00002380,GPerf163,GUser163
5150818817652373,VSTR-00002398,GPerf170,GUser170
5150826497357514,VSTR-00004428,CVPerf613,CVUser613
5150818474784458,VSTR-00002369,GPerf159,GUser159
5150822311818892,VSTR-00003300,CVPerf335,CVUser335
5150821955221210,VSTR-00003216,CVPerf315,CVUser315
5150826497308411,VSTR-00004416,CVPerf610,CVUser610
5150826149115543,VSTR-00004274,MOPerf872,MOUser872
5150819850581629,VSTR-00002675,GPerf275,GUser275
5150818474767942,VSTR-00002362,CVPerf103,CVUser103
5150824745416424,VSTR-00003921,GPerf745,GUser745
5150825450026584,VSTR-00004144,GPerf830,GUser830
5150827549636318,VSTR-00004676,MOPerf1023,MOUser1023
5150826149262864,VSTR-00004313,CVPerf584,CVUser584
5150825449879259,VSTR-00004105,GPerf815,GUser815
5150825797924545,VSTR-00004208,CVPerf558,CVUser558
5150819850794530,VSTR-00002734,GPerf297,GUser297
5150825798121030,VSTR-00004261,CVPerf571,CVUser571
5150819166041789,VSTR-00002562,GPerf232,GUser232
5150819850532407,VSTR-00002661,CVPerf177,CVUser177
5150819165828838,VSTR-00002503,CVPerf138,CVUser138
5150824056092256,VSTR-00003771,CVPerf451,CVUser451
5150823365949112,VSTR-00003561,CVPerf399,CVUser399
5150829669299812,VSTR-00005249,MOPerf1238,MOUser1238
5150836647638577,VSTR-00007025,MOPerf1908,MOUser1908
5150805785228811,VSTR-00001979,CVPerf008,CVUser008
5150823011448328,VSTR-00003491,MOPerf578,MOUser578
5150817407760103,VSTR-00002091,GPerf054,GUser054
5150820554897051,VSTR-00002888,CVPerf234,CVUser234
5150828257375937,VSTR-00004878,MOPerf1099,MOUser1099
5150823706474062,VSTR-00003690,GPerf658,GUser658
5150819507353210,VSTR-00002600,CVPerf162,CVUser162
5150826843485847,VSTR-00004458,MOPerf940,MOUser940
5150821607454235,VSTR-00003187,GPerf467,GUser467
5150818120103478,VSTR-00002249,GPerf113,GUser113
5150823706424899,VSTR-00003676,GPerf653,GUser653
5150817768830527,VSTR-00002164,GPerf081,GUser081
5150820203525684,VSTR-00002769,GPerf310,GUser310
5150825450059398,VSTR-00004154,GPerf834,GUser834
5150823011595988,VSTR-00003536,MOPerf595,MOUser595
5150824056026740,VSTR-00003753,GPerf682,GUser682
5150825797973656,VSTR-00004222,GPerf860,GUser860
5150828608730661,VSTR-00004988,MOPerf1140,MOUser1140
5150833505351182,VSTR-00006226,MOPerf1607,MOUser1607
5150827549537937,VSTR-00004647,MOPerf1012,MOUser1012
5150818474817219,VSTR-00002378,CVPerf107,CVUser107
5150805785294379,VSTR-00001998,GPerf019,GUser019
5150824055994093,VSTR-00003746,MOPerf674,MOUser674
5150825449862798,VSTR-00004100,CVPerf531,CVUser531
5150823366096443,VSTR-00003600,GPerf624,GUser624
5150826843518713,VSTR-00004469,CVPerf623,CVUser623
5150818474685964,VSTR-00002338,GPerf147,GUser147
5150824056108597,VSTR-00003775,MOPerf685,MOUser685
5150823706343028,VSTR-00003654,MOPerf639,MOUser639
5150823366063855,VSTR-00003594,MOPerf617,MOUser617
5150823011661442,VSTR-00003553,CVPerf397,CVUser397
5150820554815072,VSTR-00002864,CVPerf228,CVUser228
5150825797940946,VSTR-00004213,CVPerf559,CVUser559
5150825105323564,VSTR-00004058,CVPerf521,CVUser521
5150823366162011,VSTR-00003619,GPerf631,GUser631
5150820554847774,VSTR-00002872,CVPerf230,CVUser230
5150833855051329,VSTR-00006335,MOPerf1649,MOUser1649
5150818474735240,VSTR-00002354,CVPerf101,CVUser101
5150820203673126,VSTR-00002810,GPerf326,GUser326
5150818119956043,VSTR-00002208,CVPerf065,CVUser065
5150828608665314,VSTR-00004973,MOPerf1135,MOUser1135
5150837699786423,VSTR-00007237,MOPerf1988,MOUser1988
5150817768748772,VSTR-00002144,CVPerf049,CVUser049
5150825797875320,VSTR-00004193,MOPerf842,MOUser842
5150823011645151,VSTR-00003549,GPerf605,GUser605
5150819507336859,VSTR-00002596,CVPerf161,CVUser161
5150827549767400,VSTR-00004713,MOPerf1037,MOUser1037
5150834560661047,VSTR-00006450,MOPerf1693,MOUser1693
5150824056059442,VSTR-00003761,GPerf685,GUser685
5150825105143429,VSTR-00004009,CVPerf509,CVUser509
5150820901353212,VSTR-00002961,GPerf383,GUser383
5150820203558559,VSTR-00002780,CVPerf207,CVUser207
5150834560644636,VSTR-00006445,MOPerf1691,MOUser1691
5150821955417799,VSTR-00003271,CVPerf328,CVUser328
5150818817816158,VSTR-00002442,GPerf187,GUser187
5150828953204440,VSTR-00005012,MOPerf1149,MOUser1149
5150820554880649,VSTR-00002883,CVPerf233,CVUser233
5150834207749722,VSTR-00006361,MOPerf1659,MOUser1659
5150826843551252,VSTR-00004473,MOPerf946,MOUser946
5150818817636022,VSTR-00002394,CVPerf111,CVUser111
5150805785278087,VSTR-00001995,CVPerf012,CVUser012
5150825105340138,VSTR-00004066,CVPerf523,CVUser523
5150819165845190,VSTR-00002507,CVPerf139,CVUser139
5150820554962566,VSTR-00002906,MOPerf357,MOUser357
5150835949811324,VSTR-00006833,MOPerf1837,MOUser1837
5150834207667917,VSTR-00006340,MOPerf1651,MOUser1651
5150820901336750,VSTR-00002956,GPerf381,GUser381
5150820554716802,VSTR-00002837,GPerf336,GUser336
5150819507320508,VSTR-00002592,GPerf243,GUser243
5150824056026791,VSTR-00003754,MOPerf677,MOUser677
5150829669316273,VSTR-00005255,MOPerf1240,MOUser1240
5150830376810036,VSTR-00005377,MOPerf1286,MOUser1286
5150823706342971,VSTR-00003653,GPerf644,GUser644
5150825450010343,VSTR-00004142,MOPerf823,MOUser823
5150822659847767,VSTR-00003375,GPerf539,GUser539
5150833854953162,VSTR-00006310,MOPerf1639,MOUser1639
5150822311818955,VSTR-00003301,MOPerf507,MOUser507
5150825797908021,VSTR-00004201,MOPerf845,MOUser845
5150825450108449,VSTR-00004166,MOPerf832,MOUser832
5150818120070892,VSTR-00002243,GPerf111,GUser111
5150825105372730,VSTR-00004072,MOPerf797,MOUser797
5150823366112968,VSTR-00003608,MOPerf622,MOUser622
5150819850548927,VSTR-00002668,GPerf272,GUser272
5150821955172052,VSTR-00003202,GPerf473,GUser473
5150826843502312,VSTR-00004464,CVPerf622,CVUser622
5150822659978841,VSTR-00003412,GPerf553,GUser553
5150822312081009,VSTR-00003373,MOPerf534,MOUser534
5150825449895550,VSTR-00004108,CVPerf533,CVUser533
5150819507533405,VSTR-00002650,GPerf265,GUser265
5150820554798610,VSTR-00002858,GPerf344,GUser344
5150830376728227,VSTR-00005356,MOPerf1278,MOUser1278
5150823366194713,VSTR-00003627,GPerf634,GUser634
5150827549570638,VSTR-00004655,MOPerf1015,MOUser1015
5150818474833569,VSTR-00002382,CVPerf108,CVUser108
5150817407825607,VSTR-00002109,CVPerf040,CVUser040
5150824745678591,VSTR-00003995,MOPerf768,MOUser768
5150826497390216,VSTR-00004437,CVPerf615,CVUser615
5150824745514697,VSTR-00003948,CVPerf494,CVUser494
5150819165779674,VSTR-00002489,MOPerf202,MOUser202
5150825105421893,VSTR-00004086,GPerf808,GUser808
5150827204654759,VSTR-00004562,GPerf989,GUser989
5150820554733095,VSTR-00002840,CVPerf222,CVUser222
5150825797875207,VSTR-00004191,GPerf848,GUser848
5150818474604269,VSTR-00002319,GPerf140,GUser140
5150818120021671,VSTR-00002228,CVPerf070,CVUser070
5150826149115430,VSTR-00004272,GPerf879,GUser879
5150823011399279,VSTR-00003479,CVPerf379,CVUser379
5150822659897035,VSTR-00003391,GPerf545,GUser545
5150825105192592,VSTR-00004023,GPerf784,GUser784
5150825450108507,VSTR-00004167,GPerf839,GUser839
5150825797891618,VSTR-00004196,GPerf850,GUser850
5150819507435129,VSTR-00002623,GPerf255,GUser255
5150826843649625,VSTR-00004503,CVPerf631,CVUser631
5150826843747896,VSTR-00004530,GPerf977,GUser977
5150826149180997,VSTR-00004291,GPerf886,GUser886
5150817407694416,VSTR-00002070,GPerf046,GUser046
5150827204638349,VSTR-00004557,CVPerf644,CVUser644
5150818474636801,VSTR-00002324,GPerf142,GUser142
5150820203591318,VSTR-00002788,GPerf318,GUser318
5150825105176188,VSTR-00004018,GPerf782,GUser782
5150822660077293,VSTR-00003443,GPerf565,GUser565
5150827204671109,VSTR-00004566,MOPerf981,MOUser981
5150826497226492,VSTR-00004393,MOPerf916,MOUser916
5150826497193672,VSTR-00004383,GPerf921,GUser921
5150824745580201,VSTR-00003966,CVPerf498,CVUser498
5150819165812325,VSTR-00002496,GPerf207,GUser207
5150823706326619,VSTR-00003649,CVPerf421,CVUser421
5150817768683032,VSTR-00002122,GPerf065,GUser065
5150826497357351,VSTR-00004425,GPerf937,GUser937
5150826843649574,VSTR-00004502,MOPerf957,MOUser957
5150817407547089,VSTR-00002031,GPerf031,GUser031
5150818817635849,VSTR-00002391,GPerf167,GUser167
5150819850516006,VSTR-00002656,CVPerf176,CVUser176
5150823011661342,VSTR-00003552,GPerf606,GUser606
5150824745629314,VSTR-00003979,MOPerf762,MOUser762
5150824745432715,VSTR-00003924,CVPerf488,CVUser488
5150829669086800,VSTR-00005188,MOPerf1215,MOUser1215
5150825797957297,VSTR-00004216,GPerf858,GUser858
5150822660011550,VSTR-00003420,GPerf556,GUser556
5150822660044308,VSTR-00003429,GPerf560,GUser560
5150819850647086,VSTR-00002693,CVPerf185,CVUser185
5150820203525634,VSTR-00002768,CVPerf204,CVUser204
5150817768961618,VSTR-00002201,GPerf095,GUser095
5150822312064545,VSTR-00003367,GPerf536,GUser536
5150835949762218,VSTR-00006820,MOPerf1832,MOUser1832
5150823011628740,VSTR-00003545,CVPerf395,CVUser395
5150822311917173,VSTR-00003327,GPerf521,GUser521
5150823706310156,VSTR-00003643,MOPerf635,MOUser635
5150825105241697,VSTR-00004036,GPerf789,GUser789
5150817407792805,VSTR-00002100,GPerf057,GUser057
5150825105323737,VSTR-00004061,MOPerf793,MOUser793
5150827204654812,VSTR-00004563,MOPerf980,MOUser980
5150820203706052,VSTR-00002822,MOPerf326,MOUser326
5150819850778233,VSTR-00002731,GPerf296,GUser296
5150817407710876,VSTR-00002075,GPerf048,GUser048
5150818120120000,VSTR-00002256,CVPerf077,CVUser077
5150805785294548,VSTR-00002001,GPerf020,GUser020
5150823366113018,VSTR-00003607,GPerf627,GUser627
5150825798104678,VSTR-00004257,CVPerf570,CVUser570
5150827204687402,VSTR-00004569,CVPerf647,CVUser647
5150828953384630,VSTR-00005062,MOPerf1168,MOUser1168
5150826149180947,VSTR-00004290,MOPerf878,MOUser878
5150823366129309,VSTR-00003611,MOPerf623,MOUser623
5150818474538640,VSTR-00002299,GPerf132,GUser132
5150805785245211,VSTR-00001984,CVPerf009,CVUser009
5150826843682439,VSTR-00004513,MOPerf961,MOUser961
5150817768699436,VSTR-00002127,GPerf067,GUser067
5150818817734294,VSTR-00002422,GPerf179,GUser179
5150834207979142,VSTR-00006426,MOPerf1684,MOUser1684
5150818817767165,VSTR-00002432,GPerf183,GUser183
5150826843616873,VSTR-00004494,MOPerf954,MOUser954
5150827549587049,VSTR-00004660,MOPerf1017,MOUser1017
5150818474604209,VSTR-00002318,CVPerf092,CVUser092
5150824745580101,VSTR-00003964,GPerf762,GUser762
5150821955417749,VSTR-00003270,GPerf499,GUser499
5150823706572493,VSTR-00003720,GPerf669,GUser669
5150828953417331,VSTR-00005070,MOPerf1171,MOUser1171
5150819507549696,VSTR-00002653,CVPerf175,CVUser175
5150825105209056,VSTR-00004029,CVPerf514,CVUser514
5150818817619559,VSTR-00002388,GPerf166,GUser166
5150825798006350,VSTR-00004229,CVPerf563,CVUser563
5150823706506874,VSTR-00003700,GPerf662,GUser662
5150819165828786,VSTR-00002502,MOPerf207,MOUser207
5150823365948948,VSTR-00003557,GPerf608,GUser608
5150826149279438,VSTR-00004321,CVPerf586,CVUser586
5150820554946161,VSTR-00002901,MOPerf355,MOUser355
5150819507353160,VSTR-00002599,GPerf246,GUser246
5150830028666552,VSTR-00005308,MOPerf1260,MOUser1260
5150822311802431,VSTR-00003294,GPerf508,GUser508
5150823706605195,VSTR-00003728,GPerf672,GUser672
5150818474538531,VSTR-00002297,CVPerf087,CVUser087
5150819165878004,VSTR-00002517,GPerf215,GUser215
5150817768830477,VSTR-00002163,CVPerf054,CVUser054
5150817407858309,VSTR-00002117,CVPerf042,CVUser042
5150833505383993,VSTR-00006236,MOPerf1611,MOUser1611
5150826149410359,VSTR-00004355,MOPerf902,MOUser902
5150834207684326,VSTR-00006345,MOPerf1653,MOUser1653
5150822311966216,VSTR-00003339,MOPerf521,MOUser521
5150821955319537,VSTR-00003244,GPerf489,GUser489
5150833854985864,VSTR-00006318,MOPerf1642,MOUser1642
5150819507238480,VSTR-00002568,GPerf234,GUser234
5150829312767720,VSTR-00005125,MOPerf1191,MOUser1191
5150820203640537,VSTR-00002804,CVPerf213,CVUser213
5150826497341113,VSTR-00004424,CVPerf612,CVUser612
5150817407743692,VSTR-00002086,GPerf052,GUser052
5150820554749446,VSTR-00002844,CVPerf223,CVUser223
5150822659946146,VSTR-00003404,GPerf550,GUser550
5150819507385914,VSTR-00002608,CVPerf164,CVUser164
5150826843682386,VSTR-00004512,GPerf970,GUser970
5150823366096607,VSTR-00003602,GPerf625,GUser625
5150823011563236,VSTR-00003527,GPerf597,GUser597
5150821607454288,VSTR-00003188,MOPerf464,MOUser464
5150820554929814,VSTR-00002897,GPerf359,GUser359
5150825798121088,VSTR-00004262,GPerf875,GUser875
5150834560579233,VSTR-00006429,MOPerf1685,MOUser1685
5150805785310839,VSTR-00002004,GPerf021,GUser021
5150818474751533,VSTR-00002357,MOPerf153,MOUser153
5150827204851297,VSTR-00004616,MOPerf1000,MOUser1000
5150820554766078,VSTR-00002853,GPerf342,GUser342
5150823011612341,VSTR-00003540,CVPerf394,CVUser394
5150829669136076,VSTR-00005205,MOPerf1221,MOUser1221
5150821955434159,VSTR-00003275,MOPerf497,MOUser497
5150818474751592,VSTR-00002358,CVPerf102,CVUser102
5150826843715141,VSTR-00004521,MOPerf964,MOUser964
5150822312015440,VSTR-00003354,GPerf531,GUser531
5150822312015604,VSTR-00003357,CVPerf349,CVUser349
5150817768928801,VSTR-00002191,MOPerf091,MOUser091
5150819850647261,VSTR-00002696,CVPerf186,CVUser186
5150818120120052,VSTR-00002257,GPerf116,GUser116
5150822660027954,VSTR-00003425,GPerf558,GUser558
5150819507468001,VSTR-00002634,GPerf259,GUser259
5150827204752917,VSTR-00004587,MOPerf989,MOUser989
5150825798088387,VSTR-00004254,GPerf872,GUser872
5150805785360123,VSTR-00002021,GPerf027,GUser027
5150824745711123,VSTR-00004000,MOPerf770,MOUser770
5150818474686077,VSTR-00002340,GPerf148,GUser148
5150828953433792,VSTR-00005076,MOPerf1173,MOUser1173
5150823011399388,VSTR-00003481,MOPerf574,MOUser574
5150825449846446,VSTR-00004095,CVPerf530,CVUser530
5150825449993938,VSTR-00004137,MOPerf821,MOUser821
5150825797875268,VSTR-00004192,CVPerf554,CVUser554
5150819165910594,VSTR-00002523,CVPerf143,CVUser143
5150820203443819,VSTR-00002747,GPerf302,GUser302
5150828608419443,VSTR-00004902,MOPerf1108,MOUser1108
5150823366162073,VSTR-00003620,CVPerf414,CVUser414
5150822311868061,VSTR-00003314,MOPerf512,MOUser512
5150822660077180,VSTR-00003440,GPerf564,GUser564
5150823706474002,VSTR-00003689,CVPerf431,CVUser431
5150819165845139,VSTR-00002506,GPerf211,GUser211
5150821955352071,VSTR-00003249,CVPerf323,CVUser323
5150818474800755,VSTR-00002372,GPerf160,GUser160
5150827549701721,VSTR-00004692,MOPerf1029,MOUser1029
5150824745645668,VSTR-00003983,GPerf769,GUser769
5150818120234673,VSTR-00002288,GPerf128,GUser128
5150825450092099,VSTR-00004162,GPerf837,GUser837
5150828257441341,VSTR-00004894,MOPerf1105,MOUser1105
5150818119972453,VSTR-00002213,MOPerf099,MOUser099
5150825449944725,VSTR-00004122,GPerf822,GUser822
5150826843666029,VSTR-00004508,MOPerf959,MOUser959
5150824056239740,VSTR-00003813,CVPerf461,CVUser461
5150817407743579,VSTR-00002084,MOPerf051,MOUser051
5150819507320345,VSTR-00002589,GPerf242,GUser242
5150837699884555,VSTR-00007261,MOPerf2000,MOUser2000
5150817407579846,VSTR-00002040,CVPerf023,CVUser023
5150818474702538,VSTR-00002346,CVPerf099,CVUser099
5150821955335830,VSTR-00003247,GPerf490,GUser490
5150825798137554,VSTR-00004268,MOPerf870,MOUser870
5150824055993875,VSTR-00003742,CVPerf444,CVUser444
5150821955204858,VSTR-00003212,CVPerf314,CVUser314
5150820554995387,VSTR-00002916,GPerf366,GUser366
5150825449993831,VSTR-00004135,CVPerf540,CVUser540
5150826843600522,VSTR-00004490,CVPerf628,CVUser628
5150827549718131,VSTR-00004697,MOPerf1031,MOUser1031
5150819850811104,VSTR-00002742,GPerf300,GUser300
5150822311966448,VSTR-00003343,GPerf527,GUser527
5150820203476631,VSTR-00002756,CVPerf201,CVUser201
5150818817865272,VSTR-00002456,GPerf192,GUser192
5150829312734849,VSTR-00005114,MOPerf1187,MOUser1187
5150825105192482,VSTR-00004021,CVPerf512,CVUser512
5150823366178422,VSTR-00003623,GPerf633,GUser633
5150827204638406,VSTR-00004558,MOPerf978,MOUser978
5150818120038022,VSTR-00002232,CVPerf071,CVUser071
5150824056256254,VSTR-00003820,MOPerf702,MOUser702
5150822660044478,VSTR-00003432,GPerf561,GUser561
5150817407563502,VSTR-00002036,GPerf033,GUser033
5150826843518604,VSTR-00004467,GPerf953,GUser953
5150817768879640,VSTR-00002177,GPerf086,GUser086
5150834207798996,VSTR-00006377,MOPerf1665,MOUser1665
5150817768814286,VSTR-00002161,GPerf080,GUser080
5150805785327251,VSTR-00002009,GPerf023,GUser023
5150834207946441,VSTR-00006418,MOPerf1681,MOUser1681
5150818120218269,VSTR-00002283,GPerf126,GUser126
5150823366145669,VSTR-00003616,GPerf630,GUser630
5150824745596560,VSTR-00003970,GPerf764,GUser764
5150817768699497,VSTR-00002128,CVPerf045,CVUser045
5150824056157935,VSTR-00003792,CVPerf456,CVUser456
5150817768732371,VSTR-00002139,MOPerf072,MOUser072
5150834207831698,VSTR-00006384,MOPerf1668,MOUser1668
5150805785196277,VSTR-00001974,GPerf010,GUser010
5150817768765010,VSTR-00002146,GPerf074,GUser074
5150823011661392,VSTR-00003551,MOPerf601,MOUser601
5150826497406690,VSTR-00004443,GPerf944,GUser944
5150824055994039,VSTR-00003745,GPerf679,GUser679
5150817768748549,VSTR-00002140,GPerf072,GUser072
5150834560677508,VSTR-00006456,MOPerf1695,MOUser1695
5150817407727338,VSTR-00002081,GPerf050,GUser050
5150826843567767,VSTR-00004481,MOPerf949,MOUser949
5150818120136352,VSTR-00002260,CVPerf078,CVUser078
5150823366162130,VSTR-00003621,MOPerf627,MOUser627
5150824745678368,VSTR-00003991,GPerf772,GUser772
5150825798120979,VSTR-00004260,MOPerf867,MOUser867
5150822659929849,VSTR-00003401,GPerf549,GUser549
5150827901007428,VSTR-00004740,MOPerf1047,MOUser1047
5150823365965522,VSTR-00003566,GPerf611,GUser611
5150826497259075,VSTR-00004399,GPerf927,GUser927
5150817407661651,VSTR-00002061,CVPerf028,CVUser028
5150834207815287,VSTR-00006380,MOPerf1666,MOUser1666
5150825450010292,VSTR-00004141,GPerf829,GUser829
5150818474735352,VSTR-00002356,GPerf154,GUser154
5150825797842617,VSTR-00004185,MOPerf839,MOUser839
5150819850548816,VSTR-00002666,GPerf271,GUser271
5150827549652615,VSTR-00004679,MOPerf1024,MOUser1024
5150821607470640,VSTR-00003192,GPerf469,GUser469
5150818474784294,VSTR-00002366,CVPerf104,CVUser104
5150830376777221,VSTR-00005367,MOPerf1282,MOUser1282
5150821955221047,VSTR-00003213,GPerf477,GUser477
5150826843616983,VSTR-00004496,GPerf964,GUser964
5150826149197402,VSTR-00004296,GPerf888,GUser888
5150823706457601,VSTR-00003684,GPerf656,GUser656
5150823706555919,VSTR-00003712,GPerf666,GUser666
5150826149115482,VSTR-00004273,CVPerf574,CVUser574
5150836647605875,VSTR-00007017,MOPerf1905,MOUser1905
5150805785212570,VSTR-00001977,GPerf011,GUser011
5150826497259136,VSTR-00004400,CVPerf606,CVUser606
5150817768683145,VSTR-00002124,GPerf066,GUser066
5150820203542095,VSTR-00002774,GPerf312,GUser312
5150826497390116,VSTR-00004435,GPerf941,GUser941
5150818474669612,VSTR-00002334,CVPerf096,CVUser096
5150826497341003,VSTR-00004422,MOPerf927,MOUser927
5150823366129370,VSTR-00003612,CVPerf412,CVUser412
5150826843666142,VSTR-00004510,MOPerf960,MOUser960
5150826843551304,VSTR-00004475,GPerf956,GUser956
5150825105257995,VSTR-00004039,GPerf790,GUser790
5150817407759990,VSTR-00002089,GPerf053,GUser053
5150818817734181,VSTR-00002419,GPerf178,GUser178
5150823011497659,VSTR-00003508,CVPerf386,CVUser386
5150805785327188,VSTR-00002008,CVPerf015,CVUser015
5150822311802491,VSTR-00003295,CVPerf334,CVUser334
5150833855018514,VSTR-00006324,MOPerf1645,MOUser1645
5150817407645310,VSTR-00002057,GPerf041,GUser041
5150823706343139,VSTR-00003656,MOPerf640,MOUser640
5150819165861541,VSTR-00002511,CVPerf140,CVUser140
5150817768879691,VSTR-00002178,MOPerf086,MOUser086
5150820203623963,VSTR-00002797,GPerf321,GUser321
5150823706506978,VSTR-00003702,CVPerf434,CVUser434
5150823706424949,VSTR-00003677,CVPerf428,CVUser428
5150818120005209,VSTR-00002222,GPerf103,GUser103
5150825105258220,VSTR-00004043,MOPerf786,MOUser786
5150822311868111,VSTR-00003315,GPerf516,GUser516
5150823011464791,VSTR-00003496,GPerf585,GUser585
5150820554765969,VSTR-00002851,CVPerf225,CVUser225
5150819850696255,VSTR-00002707,GPerf287,GUser287
5150830376875608,VSTR-00005396,MOPerf1293,MOUser1293
5150823365998117,VSTR-00003572,CVPerf402,CVUser402
5150819850565221,VSTR-00002671,GPerf273,GUser273
5150826843485796,VSTR-00004457,GPerf949,GUser949
5150823706343085,VSTR-00003655,GPerf645,GUser645
5150824745547286,VSTR-00003955,GPerf758,GUser758
5150824745432665,VSTR-00003923,GPerf746,GUser746
5150825105127128,VSTR-00004006,MOPerf772,MOUser772
5150822659962500,VSTR-00003408,MOPerf547,MOUser547
5150818120021620,VSTR-00002227,GPerf105,GUser105
5150825105323674,VSTR-00004060,GPerf798,GUser798
5150823706605145,VSTR-00003727,MOPerf667,MOUser667
5150818474718889,VSTR-00002350,CVPerf100,CVUser100
5150825449911851,VSTR-00004111,CVPerf534,CVUser534
5150805785327138,VSTR-00002007,MOPerf022,MOUser022
5150828608648747,VSTR-00004965,MOPerf1132,MOUser1132
5150821955319426,VSTR-00003242,GPerf488,GUser488
5150825449977364,VSTR-00004129,MOPerf818,MOUser818
5150825450010123,VSTR-00004138,GPerf828,GUser828
5150825449911961,VSTR-00004113,GPerf818,GUser818
5150827549767237,VSTR-00004710,MOPerf1036,MOUser1036
5150828608566931,VSTR-00004944,MOPerf1124,MOUser1124
5150821955237450,VSTR-00003218,GPerf479,GUser479
5150826497390279,VSTR-00004438,GPerf942,GUser942
5150826149164649,VSTR-00004287,MOPerf877,MOUser877
5150819165976110,VSTR-00002541,GPerf224,GUser224
5150819850778341,VSTR-00002733,CVPerf195,CVUser195
5150826497373815,VSTR-00004432,CVPerf614,CVUser614
5150823706375896,VSTR-00003665,CVPerf425,CVUser425
5150826497341053,VSTR-00004423,GPerf936,GUser936
5150825449879149,VSTR-00004103,CVPerf532,CVUser532
5150823011431982,VSTR-00003487,CVPerf381,CVUser381
5150817768896153,VSTR-00002184,CVPerf059,CVUser059
5150817768666734,VSTR-00002119,GPerf064,GUser064
5150825105290803,VSTR-00004049,GPerf794,GUser794
5150817407678062,VSTR-00002066,MOPerf044,MOUser044
5150824745416205,VSTR-00003918,GPerf744,GUser744
5150826843616923,VSTR-00004495,CVPerf629,CVUser629
5150834913588894,VSTR-00006537,MOPerf1726,MOUser1726
5150817407596248,VSTR-00002045,MOPerf036,MOUser036
5150818474800813,VSTR-00002373,MOPerf159,MOUser159
5150818817635962,VSTR-00002393,GPerf168,GUser168
5150825450010231,VSTR-00004140,CVPerf541,CVUser541
5150824056125058,VSTR-00003781,CVPerf453,CVUser453
5150825797891781,VSTR-00004199,GPerf851,GUser851
5150826149131998,VSTR-00004280,GPerf882,GUser882
5150820203542149,VSTR-00002775,MOPerf309,MOUser309
5150819507517107,VSTR-00002647,GPerf264,GUser264
5150818817783506,VSTR-00002436,MOPerf182,MOUser182
5150823011350225,VSTR-00003467,MOPerf569,MOUser569
5150819165992684,VSTR-00002549,GPerf227,GUser227
5150827204589132,VSTR-00004542,MOPerf972,MOUser972
5150822659913445,VSTR-00003396,GPerf547,GUser547
5150829669250706,VSTR-00005236,MOPerf1233,MOUser1233
5150820203722292,VSTR-00002824,CVPerf218,CVUser218
5150825449928365,VSTR-00004117,GPerf820,GUser820
5150820203542208,VSTR-00002776,CVPerf206,CVUser206
5150830376826497,VSTR-00005383,MOPerf1288,MOUser1288
5150827901040243,VSTR-00004750,MOPerf1051,MOUser1051
5150823366129259,VSTR-00003610,GPerf628,GUser628
5150818817914382,VSTR-00002469,GPerf197,GUser197
5150825450042993,VSTR-00004149,GPerf832,GUser832
5150826843764246,VSTR-00004534,MOPerf969,MOUser969
5150819850761767,VSTR-00002725,CVPerf193,CVUser193
5150825449846394,VSTR-00004094,GPerf811,GUser811
5150822311868004,VSTR-00003313,GPerf515,GUser515
5150817407694585,VSTR-00002074,GPerf047,GUser047
5150304462845574,VSTR-00001948,Perf0002,User0002
5150818817783406,VSTR-00002435,GPerf184,GUser184
5150820554716744,VSTR-00002836,CVPerf221,CVUser221
5150817407809096,VSTR-00002102,GPerf058,GUser058
5150823365981926,VSTR-00003571,GPerf613,GUser613
5150823706457764,VSTR-00003687,GPerf657,GUser657
5150823011546769,VSTR-00003520,MOPerf589,MOUser589
5150827900958259,VSTR-00004726,MOPerf1042,MOUser1042
5150825450075809,VSTR-00004159,GPerf836,GUser836
5150823365932651,VSTR-00003555,GPerf607,GUser607
5150826497291777,VSTR-00004407,GPerf930,GUser930
5150819165779562,VSTR-00002487,CVPerf134,CVUser134
5150825450124913,VSTR-00004172,CVPerf549,CVUser549
5150821955335720,VSTR-00003245,CVPerf322,CVUser322
5150820554978924,VSTR-00002910,GPerf364,GUser364
5150822311982790,VSTR-00003347,MOPerf524,MOUser524
5150823011628639,VSTR-00003543,MOPerf598,MOUser598
5150833505318593,VSTR-00006220,MOPerf1605,MOUser1605
5150825449944826,VSTR-00004124,CVPerf537,CVUser537
5150824745465359,VSTR-00003931,MOPerf744,MOUser744
5150826497406577,VSTR-00004441,GPerf943,GUser943
5150819507304047,VSTR-00002586,GPerf241,GUser241
5150825449977421,VSTR-00004130,GPerf825,GUser825
5150823706621548,VSTR-00003732,MOPerf669,MOUser669
5150817768863451,VSTR-00002176,CVPerf057,CVUser057
5150825105339915,VSTR-00004062,CVPerf522,CVUser522
5150823366014691,VSTR-00003580,CVPerf404,CVUser404
5150823011432039,VSTR-00003488,GPerf582,GUser582
5150828953155276,VSTR-00004998,MOPerf1144,MOUser1144
5150821955204750,VSTR-00003210,GPerf476,GUser476
5150826497340940,VSTR-00004420,GPerf935,GUser935
5150822659864231,VSTR-00003381,MOPerf537,MOUser537
5150823366211174,VSTR-00003633,CVPerf417,CVUser417
5150826497259024,VSTR-00004398,MOPerf918,MOUser918
5150830028568281,VSTR-00005281,MOPerf1250,MOUser1250
5150825105159779,VSTR-00004013,CVPerf510,CVUser510
5150819507271345,VSTR-00002578,GPerf238,GUser238
5150820203673289,VSTR-00002813,GPerf327,GUser327
5150825797891730,VSTR-00004198,MOPerf844,MOUser844
5150817407678122,VSTR-00002067,GPerf045,GUser045
5150826497242671,VSTR-00004394,GPerf925,GUser925
5150819165763162,VSTR-00002482,CVPerf133,CVUser133
5150823366227534,VSTR-00003637,GPerf638,GUser638
5150823365949059,VSTR-00003559,MOPerf604,MOUser604
5150805785196166,VSTR-00001972,GPerf009,GUser009
5150826497308238,VSTR-00004413,CVPerf609,CVUser609
5150823366030989,VSTR-00003584,GPerf618,GUser618
5150825105356325,VSTR-00004067,MOPerf795,MOUser795
5150817768846938,VSTR-00002169,GPerf083,GUser083
5150830028617276,VSTR-00005292,MOPerf1254,MOUser1254
5150825450059508,VSTR-00004156,CVPerf545,CVUser545
5150834207782423,VSTR-00006369,MOPerf1662,MOUser1662
5150833854854667,VSTR-00006279,MOPerf1627,MOUser1627
5150825105389191,VSTR-00004078,GPerf805,GUser805
5150826497439279,VSTR-00004449,GPerf946,GUser946
5150824056108547,VSTR-00003774,GPerf690,GUser690
5150829312718444,VSTR-00005109,MOPerf1185,MOUser1185
5150819165959819,VSTR-00002538,GPerf223,GUser223
5150822659929628,VSTR-00003397,MOPerf543,MOUser543
5150818817635912,VSTR-00002392,MOPerf166,MOUser166
5150820554798671,VSTR-00002859,CVPerf227,CVUser227
5150819507516944,VSTR-00002644,GPerf263,GUser263
5150821955302966,VSTR-00003236,GPerf486,GUser486
5150824056010449,VSTR-00003751,CVPerf446,CVUser446
5150819165763325,VSTR-00002485,GPerf203,GUser203
5150830376793631,VSTR-00005372,MOPerf1284,MOUser1284
5150825449977590,VSTR-00004133,GPerf826,GUser826
5150826843469498,VSTR-00004454,GPerf948,GUser948
5150828608468719,VSTR-00004918,MOPerf1114,MOUser1114
5150826149230108,VSTR-00004304,MOPerf883,MOUser883
5150822660093634,VSTR-00003446,GPerf566,GUser566
5150819165894242,VSTR-00002519,CVPerf142,CVUser142
5150833855034925,VSTR-00006330,MOPerf1647,MOUser1647
5150818474653212,VSTR-00002329,CVPerf095,CVUser095
5150820554831481,VSTR-00002869,GPerf348,GUser348
5150821955450448,VSTR-00003278,GPerf502,GUser502
5150817407612608,VSTR-00002049,GPerf038,GUser038
5150822660126223,VSTR-00003452,CVPerf372,CVUser372
5150823706539626,VSTR-00003708,MOPerf660,MOUser660
5150827204671163,VSTR-00004567,GPerf991,GUser991
5150824745465529,VSTR-00003933,MOPerf745,MOUser745
5150826843502088,VSTR-00004460,MOPerf941,MOUser941
5150827900991130,VSTR-00004737,MOPerf1046,MOUser1046
5150823011382870,VSTR-00003474,GPerf577,GUser577
5150824745547449,VSTR-00003957,MOPerf754,MOUser754
5150826149213699,VSTR-00004298,GPerf889,GUser889
5150823706490578,VSTR-00003697,CVPerf433,CVUser433
5150825450092152,VSTR-00004163,MOPerf831,MOUser831
5150817407579737,VSTR-00002039,GPerf034,GUser034
5150823011481309,VSTR-00003505,GPerf588,GUser588
5150819165795864,VSTR-00002491,CVPerf135,CVUser135
5150821955466804,VSTR-00003282,MOPerf500,MOUser500
5150826149197521,VSTR-00004299,MOPerf881,MOUser881
5150825798153789,VSTR-00004270,GPerf878,GUser878
5150805785163406,VSTR-00001963,CVPerf004,CVUser004
5150820203673239,VSTR-00002812,CVPerf215,CVUser215
5150821955253963,VSTR-00003225,CVPerf317,CVUser317
5150822312064599,VSTR-00003368,MOPerf532,MOUser532
5150827204753030,VSTR-00004589,MOPerf990,MOUser990
5150805785212508,VSTR-00001976,CVPerf007,CVUser007
5150822311786090,VSTR-00003290,MOPerf503,MOUser503
5150823706490403,VSTR-00003694,CVPerf432,CVUser432
5150819507418838,VSTR-00002621,CVPerf167,CVUser167
5150824055977685,VSTR-00003740,GPerf677,GUser677
5150836297692676,VSTR-00006893,MOPerf1859,MOUser1859
5150820203492932,VSTR-00002760,CVPerf202,CVUser202
5150821955188464,VSTR-00003207,CVPerf313,CVUser313
5150827204638237,VSTR-00004555,MOPerf977,MOUser977
5150822660060819,VSTR-00003436,CVPerf368,CVUser368
5150822312048194,VSTR-00003363,MOPerf530,MOUser530
5150826497209969,VSTR-00004386,GPerf922,GUser922
5150823011514067,VSTR-00003512,GPerf591,GUser591
5150822312031954,VSTR-00003361,CVPerf350,CVUser350
5150818120152753,VSTR-00002265,GPerf119,GUser119
5150828953187979,VSTR-00005006,MOPerf1147,MOUser1147
5150824745465419,VSTR-00003932,CVPerf490,CVUser490
5150819166008923,VSTR-00002551,CVPerf150,CVUser150
5150829312784011,VSTR-00005128,MOPerf1192,MOUser1192
5150821955384936,VSTR-00003260,GPerf495,GUser495
5150818474587746,VSTR-00002312,GPerf137,GUser137
5150825797875377,VSTR-00004194,GPerf849,GUser849
5150826149230223,VSTR-00004306,GPerf892,GUser892
5150822660126396,VSTR-00003455,CVPerf373,CVUser373
5150821955368645,VSTR-00003257,GPerf494,GUser494
5150833855035037,VSTR-00006332,MOPerf1648,MOUser1648
5150823011481145,VSTR-00003502,MOPerf582,MOUser582
5150820554815183,VSTR-00002866,GPerf347,GUser347
5150830376941125,VSTR-00005414,MOPerf1300,MOUser1300
5150819850598042,VSTR-00002681,GPerf277,GUser277
5150818474718778,VSTR-00002348,GPerf151,GUser151
5150825105143317,VSTR-00004007,GPerf778,GUser778
5150825105225352,VSTR-00004032,MOPerf782,MOUser782
5150819165943408,VSTR-00002533,GPerf221,GUser221
5150825798088440,VSTR-00004255,MOPerf865,MOUser865
5150818817718002,VSTR-00002418,CVPerf117,CVUser117
5150820554897111,VSTR-00002889,MOPerf351,MOUser351
5150825797907971,VSTR-00004200,CVPerf556,CVUser556
5150827549750827,VSTR-00004705,MOPerf1034,MOUser1034
5150822312080896,VSTR-00003371,MOPerf533,MOUser533
5150833505334884,VSTR-00006223,MOPerf1606,MOUser1606
5150819165877892,VSTR-00002515,CVPerf141,CVUser141
5150818817930838,VSTR-00002475,GPerf199,GUser199
5150823011513897,VSTR-00003510,GPerf590,GUser590
5150822660158986,VSTR-00003461,GPerf572,GUser572
5150827549554234,VSTR-00004650,MOPerf1013,MOUser1013
5150818120103426,VSTR-00002248,CVPerf075,CVUser075
5150823366063742,VSTR-00003591,MOPerf616,MOUser616
5150817407645250,VSTR-00002056,CVPerf027,CVUser027
5150823365981815,VSTR-00003569,CVPerf401,CVUser401
5150821955368532,VSTR-00003255,GPerf493,GUser493
5150827204785725,VSTR-00004597,MOPerf993,MOUser993
5150819165992571,VSTR-00002547,CVPerf149,CVUser149
5150824745481820,VSTR-00003937,CVPerf491,CVUser491
5150818120234733,VSTR-00002289,CVPerf085,CVUser085
5150821955303017,VSTR-00003237,CVPerf320,CVUser320
5150824056059612,VSTR-00003764,GPerf686,GUser686
5150834207880924,VSTR-00006400,MOPerf1674,MOUser1674
5150825105241816,VSTR-00004038,MOPerf784,MOUser784
5150823706621486,VSTR-00003731,CVPerf441,CVUser441
5150826149230162,VSTR-00004305,CVPerf582,CVUser582
5150818474784404,VSTR-00002368,MOPerf157,MOUser157
5150824745416314,VSTR-00003919,CVPerf487,CVUser487
5150823366129196,VSTR-00003609,CVPerf411,CVUser411
5150826497226323,VSTR-00004390,MOPerf915,MOUser915
5150834560595641,VSTR-00006434,MOPerf1687,MOUser1687
5150818120054374,VSTR-00002236,CVPerf072,CVUser072
5150823366014518,VSTR-00003577,CVPerf403,CVUser403
5150821955401232,VSTR-00003263,GPerf496,GUser496
5150824402335284,VSTR-00003828,MOPerf705,MOUser705
5150826843584228,VSTR-00004487,MOPerf951,MOUser951
5150824745547336,VSTR-00003954,MOPerf753,MOUser753
5150805785360003,VSTR-00002018,MOPerf026,MOUser026
5150822311998979,VSTR-00003348,CVPerf347,CVUser347
5150821955253799,VSTR-00003222,MOPerf477,MOUser477
5150820203640477,VSTR-00002803,MOPerf319,MOUser319
5150823366178472,VSTR-00003625,CVPerf415,CVUser415
5150829669266947,VSTR-00005238,MOPerf1234,MOUser1234
5150823706523337,VSTR-00003706,GPerf664,GUser664
5150824056043038,VSTR-00003756,GPerf683,GUser683
5150825798104628,VSTR-00004256,GPerf873,GUser873
5150818817848859,VSTR-00002450,CVPerf125,CVUser125
5150818474751702,VSTR-00002360,MOPerf154,MOUser154
5150828608648910,VSTR-00004968,MOPerf1133,MOUser1133
5150825105307213,VSTR-00004054,CVPerf520,CVUser520
5150830028732119,VSTR-00005327,MOPerf1267,MOUser1267
5150822660077120,VSTR-00003439,CVPerf369,CVUser369
5150828257326663,VSTR-00004862,MOPerf1093,MOUser1093
5150819165861601,VSTR-00002512,GPerf213,GUser213
5150822659864282,VSTR-00003382,CVPerf355,CVUser355
5150834207880754,VSTR-00006397,MOPerf1673,MOUser1673
5150825105356376,VSTR-00004068,GPerf801,GUser801
5150823011612166,VSTR-00003537,CVPerf393,CVUser393
5150818474555044,VSTR-00002304,GPerf134,GUser134
5150834913539618,VSTR-00006521,MOPerf1720,MOUser1720
5150817407809266,VSTR-00002106,GPerf059,GUser059
5150824745612853,VSTR-00003973,CVPerf500,CVUser500
5150820203607722,VSTR-00002794,GPerf320,GUser320
5150817407678012,VSTR-00002065,GPerf044,GUser044
5150818817914435,VSTR-00002470,MOPerf195,MOUser195
5150825798104791,VSTR-00004259,GPerf874,GUser874
5150823365981761,VSTR-00003568,GPerf612,GUser612
5150828953368225,VSTR-00005057,MOPerf1166,MOUser1166
5150820203509333,VSTR-00002765,MOPerf305,MOUser305
5150825105372840,VSTR-00004074,CVPerf525,CVUser525
5150822311999037,VSTR-00003349,GPerf529,GUser529
5150818474751649,VSTR-00002359,GPerf155,GUser155
5150819166025275,VSTR-00002555,CVPerf151,CVUser151
5150820203624126,VSTR-00002799,GPerf322,GUser322
5150825450124854,VSTR-00004171,MOPerf834,MOUser834
5150825797842566,VSTR-00004184,CVPerf552,CVUser552
5150825105159837,VSTR-00004014,MOPerf775,MOUser775
5150821955368472,VSTR-00003253,CVPerf324,CVUser324
5150818474800868,VSTR-00002374,CVPerf106,CVUser106
5150822311835303,VSTR-00003305,GPerf512,GUser512
5150826497242784,VSTR-00004396,GPerf926,GUser926
5150820203460280,VSTR-00002753,GPerf304,GUser304
5150827549603509,VSTR-00004666,MOPerf1019,MOUser1019
5150833854904004,VSTR-00006296,MOPerf1634,MOUser1634
5150823706359321,VSTR-00003657,CVPerf423,CVUser423
5150826843502200,VSTR-00004462,GPerf951,GUser951
5150820203558447,VSTR-00002778,MOPerf310,MOUser310
5150819507402429,VSTR-00002615,GPerf252,GUser252
5150817407776394,VSTR-00002094,GPerf055,GUser055
5150819507549809,VSTR-00002655,GPerf267,GUser267
5150818474620560,VSTR-00002322,GPerf141,GUser141
5150830028715546,VSTR-00005319,MOPerf1264,MOUser1264
5150819850745531,VSTR-00002723,GPerf293,GUser293
5150826843534952,VSTR-00004471,MOPerf945,MOUser945
5150836297791065,VSTR-00006922,MOPerf1870,MOUser1870
5150824402417261,VSTR-00003851,MOPerf714,MOUser714
5150805785114309,VSTR-00001950,CVPerf001,CVUser001
5150824055977573,VSTR-00003739,CVPerf443,CVUser443
5150826497291897,VSTR-00004409,MOPerf922,MOUser922
5150822311884471,VSTR-00003319,CVPerf340,CVUser340
5150824055961341,VSTR-00003737,MOPerf671,MOUser671
5150825449961129,VSTR-00004127,CVPerf538,CVUser538
5150805785179753,VSTR-00001966,MOPerf007,MOUser007
5150834207782592,VSTR-00006372,MOPerf1663,MOUser1663
5150826497373875,VSTR-00004433,GPerf940,GUser940
5150822659864171,VSTR-00003380,GPerf541,GUser541
5150833854822078,VSTR-00006273,MOPerf1625,MOUser1625
5150824745563741,VSTR-00003960,GPerf760,GUser760
5150821955270314,VSTR-00003229,GPerf483,GUser483
5150817768715897,VSTR-00002133,CVPerf046,CVUser046
5150825449862748,VSTR-00004098,MOPerf807,MOUser807
5150820203525744,VSTR-00002770,MOPerf307,MOUser307
5150805785163295,VSTR-00001961,GPerf005,GUser005
5150825450092268,VSTR-00004165,GPerf838,GUser838
5150823011382927,VSTR-00003475,MOPerf572,MOUser572
5150818817914547,VSTR-00002472,GPerf198,GUser198
5150824745531039,VSTR-00003951,GPerf757,GUser757
5150823011350112,VSTR-00003465,MOPerf568,MOUser568
5150827549668907,VSTR-00004682,MOPerf1025,MOUser1025
5150805785179807,VSTR-00001968,CVPerf005,CVUser005
5150827204687460,VSTR-00004570,GPerf992,GUser992
5150824055993932,VSTR-00003743,GPerf678,GUser678
5150824745465479,VSTR-00003934,GPerf750,GUser750
5150830376859204,VSTR-00005391,MOPerf1291,MOUser1291
5150830028551703,VSTR-00005274,MOPerf1247,MOUser1247
5150821955270204,VSTR-00003227,MOPerf479,MOUser479
5150833854985977,VSTR-00006320,MOPerf1643,MOUser1643
5150820554995329,VSTR-00002915,CVPerf241,CVUser241
5150819507402264,VSTR-00002612,CVPerf165,CVUser165
5150818120251084,VSTR-00002293,GPerf130,GUser130
5150828953351929,VSTR-00005054,MOPerf1165,MOUser1165
5150828953155163,VSTR-00004996,MOPerf1143,MOUser1143
5150825450141321,VSTR-00004177,MOPerf836,MOUser836
5150817407563445,VSTR-00002035,CVPerf022,CVUser022
5150819165828729,VSTR-00002501,GPerf209,GUser209
5150821607438050,VSTR-00003186,CVPerf308,CVUser308
5150822312048252,VSTR-00003364,GPerf535,GUser535
5150825450042882,VSTR-00004147,MOPerf825,MOUser825
5150822659880468,VSTR-00003383,GPerf542,GUser542
5150825798022700,VSTR-00004232,CVPerf564,CVUser564
5150827204605535,VSTR-00004547,MOPerf974,MOUser974
5150833854969573,VSTR-00006315,MOPerf1641,MOUser1641
5150819166025385,VSTR-00002557,GPerf230,GUser230
5150826843600632,VSTR-00004492,MOPerf953,MOUser953
5150820203738811,VSTR-00002831,GPerf334,GUser334
5150820203689700,VSTR-00002818,GPerf329,GUser329
5150829312833124,VSTR-00005140,MOPerf1197,MOUser1197
5150818120169164,VSTR-00002270,GPerf121,GUser121
5150819507254831,VSTR-00002571,CVPerf155,CVUser155
5150819850630855,VSTR-00002692,GPerf281,GUser281
5150805785310959,VSTR-00002006,GPerf022,GUser022
5150824745694831,VSTR-00003997,CVPerf506,CVUser506
5150820554831592,VSTR-00002871,GPerf349,GUser349
5150825797940836,VSTR-00004211,GPerf856,GUser856
5150824745449118,VSTR-00003929,CVPerf489,CVUser489
5150822659913336,VSTR-00003394,CVPerf358,CVUser358
5150825105339965,VSTR-00004063,GPerf799,GUser799
5150823011579414,VSTR-00003528,MOPerf592,MOUser592
5150825450124800,VSTR-00004170,GPerf840,GUser840
5150819507467892,VSTR-00002632,CVPerf170,CVUser170
5150824745580038,VSTR-00003963,GPerf761,GUser761
5150818120087186,VSTR-00002246,GPerf112,GUser112
5150820203640364,VSTR-00002801,CVPerf212,CVUser212
5150817768830641,VSTR-00002166,GPerf082,GUser082
5150826497308301,VSTR-00004414,MOPerf924,MOUser924
5150825449879089,VSTR-00004102,GPerf814,GUser814
5150833505367585,VSTR-00006231,MOPerf1609,MOUser1609
5150817407759930,VSTR-00002088,CVPerf035,CVUser035
5150823011546719,VSTR-00003521,GPerf594,GUser594
5150819850548873,VSTR-00002667,MOPerf269,MOUser269
5150818474686186,VSTR-00002342,CVPerf098,CVUser098
5150805785163515,VSTR-00001965,MOPerf006,MOUser006
5150829669283571,VSTR-00005246,MOPerf1237,MOUser1237
5150827901073107,VSTR-00004761,MOPerf1055,MOUser1055
5150824056026684,VSTR-00003752,MOPerf676,MOUser676
5150819165959705,VSTR-00002536,GPerf222,GUser222
5150828257425044,VSTR-00004891,MOPerf1104,MOUser1104
5150837351790082,VSTR-00007176,MOPerf1965,MOUser1965
5150820203460340,VSTR-00002754,MOPerf301,MOUser301
5150817768732198,VSTR-00002136,CVPerf047,CVUser047
5150826497406518,VSTR-00004440,CVPerf616,CVUser616
5150829669283408,VSTR-00005245,MOPerf1236,MOUser1236
5150825449928202,VSTR-00004115,GPerf819,GUser819
5150818474554881,VSTR-00002301,GPerf133,GUser133
5150825105208890,VSTR-00004026,GPerf785,GUser785
5150817407710927,VSTR-00002077,CVPerf032,CVUser032
5150826497308351,VSTR-00004415,GPerf933,GUser933
5150820554864297,VSTR-00002879,GPerf352,GUser352
5150823706506924,VSTR-00003701,MOPerf657,MOUser657
5150830376777333,VSTR-00005369,MOPerf1283,MOUser1283
5150823366227477,VSTR-00003636,CVPerf418,CVUser418
5150821955417636,VSTR-00003268,GPerf498,GUser498
5150834207962732,VSTR-00006421,MOPerf1682,MOUser1682
5150818119988745,VSTR-00002216,CVPerf067,CVUser067
5150825105225241,VSTR-00004030,MOPerf781,MOUser781
5150823706408658,VSTR-00003674,GPerf652,GUser652
5150824745678538,VSTR-00003994,GPerf773,GUser773
5150828953171568,VSTR-00005001,MOPerf1145,MOUser1145
5150828608714363,VSTR-00004985,MOPerf1139,MOUser1139
5150825449993768,VSTR-00004134,MOPerf820,MOUser820
5150820554978977,VSTR-00002911,MOPerf359,MOUser359
5150819165795971,VSTR-00002492,MOPerf203,MOUser203
5150819850663557,VSTR-00002699,GPerf284,GUser284
5150819507517168,VSTR-00002648,CVPerf174,CVUser174
5150834913801850,VSTR-00006596,MOPerf1748,MOUser1748
5150822311819005,VSTR-00003302,GPerf511,GUser511
5150818817898093,VSTR-00002466,CVPerf129,CVUser129
5150821955237619,VSTR-00003221,GPerf480,GUser480
5150822311950038,VSTR-00003338,GPerf525,GUser525
5150820203722402,VSTR-00002826,GPerf332,GUser332
5150829312685742,VSTR-00005101,MOPerf1182,MOUser1182
5150823366145556,VSTR-00003613,GPerf629,GUser629
5150823011612398,VSTR-00003542,GPerf602,GUser602
5150819507336919,VSTR-00002597,GPerf245,GUser245
5150820554995218,VSTR-00002913,GPerf365,GUser365
5150822659880579,VSTR-00003385,GPerf543,GUser543
5150827204622057,VSTR-00004554,GPerf986,GUser986
5150825449961066,VSTR-00004126,MOPerf817,MOUser817
5150826843485907,VSTR-00004459,GPerf950,GUser950
5150817768797712,VSTR-00002153,GPerf077,GUser077
5150827204851404,VSTR-00004618,MOPerf1001,MOUser1001
5150824402335346,VSTR-00003829,CVPerf465,CVUser465
5150825105389241,VSTR-00004079,CVPerf526,CVUser526
5150825449928427,VSTR-00004119,CVPerf536,CVUser536
5150822311769849,VSTR-00003288,MOPerf502,MOUser502
5150830028731955,VSTR-00005324,MOPerf1266,MOUser1266
5150820554815018,VSTR-00002863,GPerf346,GUser346
5150818817832569,VSTR-00002448,GPerf189,GUser189
5150825798137491,VSTR-00004267,GPerf877,GUser877
5150828953335353,VSTR-00005046,MOPerf1162,MOUser1162
5150825105127077,VSTR-00004005,CVPerf508,CVUser508
5150824745563800,VSTR-00003961,CVPerf497,CVUser497
5150820901303825,VSTR-00002943,CVPerf248,CVUser248
5150824745481770,VSTR-00003936,GPerf751,GUser751
5150826843600410,VSTR-00004488,GPerf961,GUser961
5150834207717021,VSTR-00006353,MOPerf1656,MOUser1656
5150820203525857,VSTR-00002772,CVPerf205,CVUser205
5150823366112795,VSTR-00003604,CVPerf410,CVUser410
5150824745678422,VSTR-00003992,MOPerf767,MOUser767
5150824745596502,VSTR-00003969,CVPerf499,CVUser499
5150818474817047,VSTR-00002375,GPerf161,GUser161
5150817407694527,VSTR-00002072,CVPerf031,CVUser031
5150826497292010,VSTR-00004411,MOPerf923,MOUser923
5150817407858259,VSTR-00002116,GPerf063,GUser063
5150825798153732,VSTR-00004269,CVPerf573,CVUser573
5150818474653376,VSTR-00002332,GPerf145,GUser145
5150826149213762,VSTR-00004300,CVPerf581,CVUser581
5150823365998281,VSTR-00003575,GPerf615,GUser615
5150823706375786,VSTR-00003663,GPerf648,GUser648
5150826843764300,VSTR-00004535,GPerf979,GUser979
5150823366178371,VSTR-00003624,MOPerf628,MOUser628
5150818119956103,VSTR-00002209,GPerf098,GUser098
5150828608616037,VSTR-00004957,MOPerf1129,MOUser1129
5150817768781414,VSTR-00002151,GPerf076,GUser076
5150818817832509,VSTR-00002447,CVPerf124,CVUser124
5150817407727228,VSTR-00002080,CVPerf033,CVUser033
5150826149148358,VSTR-00004284,CVPerf577,CVUser577
5150827901171383,VSTR-00004788,MOPerf1065,MOUser1065
5150826149148295,VSTR-00004283,GPerf883,GUser883
5150823706441300,VSTR-00003681,CVPerf429,CVUser429
5150826843567708,VSTR-00004480,GPerf958,GUser958
5150825105290862,VSTR-00004050,CVPerf519,CVUser519
5150824056043201,VSTR-00003759,MOPerf679,MOUser679
5150820554798780,VSTR-00002861,GPerf345,GUser345
5150833854772968,VSTR-00006260,MOPerf1620,MOUser1620
5150817407612439,VSTR-00002046,GPerf037,GUser037
5150824055961111,VSTR-00003733,GPerf674,GUser674
5150820901451431,VSTR-00002987,CVPerf259,CVUser259
5150826149164759,VSTR-00004289,CVPerf578,CVUser578
5150818817849081,VSTR-00002455,CVPerf126,CVUser126
5150817407694466,VSTR-00002071,MOPerf046,MOUser046
5150818817848978,VSTR-00002453,GPerf191,GUser191
5150826843567818,VSTR-00004482,CVPerf626,CVUser626
5150826149148408,VSTR-00004285,MOPerf876,MOUser876
5150820554716909,VSTR-00002839,GPerf337,GUser337
5150825450092210,VSTR-00004164,CVPerf547,CVUser547
5150821955319367,VSTR-00003241,CVPerf321,CVUser321
5150818474604100,VSTR-00002316,GPerf139,GUser139
5150820554962685,VSTR-00002908,GPerf363,GUser363
5150825798071976,VSTR-00004249,CVPerf568,CVUser568
5150805785245436,VSTR-00001988,GPerf015,GUser015
5150834207831761,VSTR-00006386,MOPerf1669,MOUser1669
5150822312031901,VSTR-00003360,MOPerf529,MOUser529
5150825798137441,VSTR-00004266,MOPerf869,MOUser869
5150817407645423,VSTR-00002059,GPerf042,GUser042
5150830376744632,VSTR-00005361,MOPerf1280,MOUser1280
5150833854740151,VSTR-00006250,MOPerf1616,MOUser1616
5150822312015380,VSTR-00003353,CVPerf348,CVUser348
5150817768945319,VSTR-00002198,GPerf094,GUser094
5150823366096391,VSTR-00003599,MOPerf619,MOUser619
5150821955171942,VSTR-00003200,GPerf472,GUser472
5150819850548981,VSTR-00002669,CVPerf179,CVUser179
5150820554946111,VSTR-00002900,GPerf360,GUser360
5150826843502138,VSTR-00004461,CVPerf621,CVUser621
5150823366080152,VSTR-00003597,MOPerf618,MOUser618
5150805785278138,VSTR-00001996,GPerf018,GUser018
5150822311786190,VSTR-00003291,GPerf507,GUser507
5150822311966276,VSTR-00003340,CVPerf345,CVUser345
5150823366096557,VSTR-00003603,MOPerf620,MOUser620
5150823706392134,VSTR-00003667,MOPerf644,MOUser644
5150818817701592,VSTR-00002413,GPerf176,GUser176
5150818120038080,VSTR-00002233,GPerf107,GUser107
5150823366080033,VSTR-00003595,GPerf622,GUser622
5150823011595938,VSTR-00003535,GPerf600,GUser600
5150819850712829,VSTR-00002715,GPerf290,GUser290
5150833854756564,VSTR-00006255,MOPerf1618,MOUser1618
5150830376711816,VSTR-00005351,MOPerf1276,MOUser1276
5150822311982740,VSTR-00003346,GPerf528,GUser528
5150827204802298,VSTR-00004605,MOPerf996,MOUser996
5150826497226260,VSTR-00004389,CVPerf603,CVUser603
5150819507336749,VSTR-00002594,GPerf244,GUser244
5150827549570808,VSTR-00004658,MOPerf1016,MOUser1016
5150805785376413,VSTR-00002023,GPerf028,GUser028
5150818120201859,VSTR-00002278,GPerf124,GUser124
5150824056141418,VSTR-00003785,GPerf694,GUser694
5150824056174170,VSTR-00003794,MOPerf692,MOUser692
5150805785228975,VSTR-00001982,GPerf013,GUser013
5150825450157615,VSTR-00004181,CVPerf551,CVUser551
5150817407661601,VSTR-00002060,MOPerf042,MOUser042
5150830376859311,VSTR-00005393,MOPerf1292,MOUser1292
5150818120250971,VSTR-00002291,GPerf129,GUser129
5150825450141205,VSTR-00004175,GPerf842,GUser842
5150825105159725,VSTR-00004012,GPerf780,GUser780
5150825797908185,VSTR-00004204,GPerf853,GUser853
5150834913572490,VSTR-00006532,MOPerf1724,MOUser1724
5150821955253854,VSTR-00003223,GPerf481,GUser481
5150825449862911,VSTR-00004101,MOPerf808,MOUser808
5150818474735298,VSTR-00002355,MOPerf152,MOUser152
5150822660109995,VSTR-00003451,MOPerf563,MOUser563
5150824056043088,VSTR-00003757,MOPerf678,MOUser678
5150823706555983,VSTR-00003713,GPerf667,GUser667
5150817407727118,VSTR-00002079,GPerf049,GUser049
5150820554749616,VSTR-00002847,GPerf340,GUser340
5150823011448443,VSTR-00003494,GPerf584,GUser584
5150823011628576,VSTR-00003541,MOPerf597,MOUser597
5150819850745367,VSTR-00002720,CVPerf192,CVUser192
5150834207930030,VSTR-00006413,MOPerf1679,MOUser1679
5150823366063628,VSTR-00003589,GPerf620,GUser620
5150819165976279,VSTR-00002544,GPerf225,GUser225