5150805785130537,5150805785130593,5150805785146891,5150805785147004,5150805785163345,5150805785163515,5150805785179753,5150805785179869,5150805785196216,5150805785212455,5150805785212621,5150805785228918,5150805785229029,5150805785245323,5150805785261620,5150805785261731,5150805785278025,5150805785278194,5150805785294433,5150805785310727,5150805785310889,5150805785327138,5150805785327301,5150805785343599,5150805785343712,5150805785360003,5150805785376301,5150805785376363,5150805785392655,5150817407546929,5150817407547039,5150817407563333,5150817407579680,5150817407579787,5150817407596034,5150817407596248,5150817407612489,5150817407612658,5150817407628949,5150817407645190,5150817407645360,5150817407661601,5150817407661764,5150817407678062,5150817407678175,5150817407694466,5150817407710764,5150817407710824,5150817407727168,5150817407727288
5150817407743579,5150817407743742,5150817407760040,5150817407776281,5150817407776444,5150817407792742,5150817407792855,5150817407809103,5150817407825444,5150817407825507,5150817407841798,5150817407841967,5150817407858209,5150817768666684,5150817768666854,5150817768683095,5150817768683258,5150817768699555,5150817768715796,5150817768715960,5150817768732257,5150817768732371,5150817768748662,5150817768764960,5150817768765073,5150817768781364,5150817768781534,5150817768797875,5150817768814116,5150817768814236,5150817768830578,5150817768830691,5150817768846988,5150817768863286,5150817768863400,5150817768879691,5150817768879861,5150817768896102,5150817768912393,5150817768912563,5150817768928801,5150817768928966,5150817768945265,5150817768945378,5150817768961669,5150817768977967,5150818119955992,5150818119956156,5150818119972453,5150818119972566
5150818119988858,5150818120005155,5150818120005269,5150818120021560,5150818120021729,5150818120037968,5150818120038133,5150818120054431,5150818120070670,5150818120070835,5150818120087133,5150818120087244,5150818120103537,5150818120119835,5150818120119946,5150818120136239,5150818120136409,5150818120152644,5150818120152813,5150818120169104,5150818120185345,5150818120185515,5150818120201755,5150818120201919,5150818120218210,5150818120218323,5150818120234620,5150818120250918,5150818120251025,5150818120267322,5150818474538589,5150818474538696,5150818474554993,5150818474571285,5150818474571398,5150818474587695,5150818474587865,5150818474604150,5150818474620447,5150818474620610,5150818474636852,5150818474637021,5150818474653313,5150818474653426,5150818474669724,5150818474686022,5150818474686134,5150818474702426,5150818474718723,5150818474718835
5150818474735129,5150818474735298,5150818474751533,5150818474751702,5150818474768000,5150818474768107,5150818474784404,5150818474800696,5150818474800813,5150818474817106,5150818474817276,5150818474833517,5150818474849808,5150818817619506,5150818817619621,5150818817635912,5150818817636082,5150818817652323,5150818817668614,5150818817668783,5150818817685068,5150818817685237,5150818817701529,5150818817717770,5150818817717939,5150818817734231,5150818817734344,5150818817750591,5150818817750754,5150818817767045,5150818817783343,5150818817783506,5150818817799748,5150818817799917,5150818817816215,5150818817832450,5150818817832619,5150818817848917,5150818817849031,5150818817865322,5150818817881620,5150818817881733,5150818817898024,5150818817898193,5150818817914435,5150818817914598,5150819165746695,5150819165746806,5150819165763099,5150819165763269
5150819165779508,5150819165779674,5150819165795971,5150819165796082,5150819165812376,5150819165828673,5150819165828786,5150819165845079,5150819165845247,5150819165861486,5150819165877779,5150819165877949,5150819165894190,5150819165894354,5150819165910651,5150819165910758,5150819165927057,5150819165943348,5150819165943461,5150819165959758,5150819165959928,5150819165976170,5150819165992461,5150819165992630,5150819166008869,5150819166009034,5150819166025325,5150819166025439,5150819166041736,5150819166041849,5150819507238420,5150819507238590,5150819507254881,5150819507254994,5150819507271292,5150819507271405,5150819507287696,5150819507303994,5150819507304107,5150819507320398,5150819507320568,5150819507336809,5150819507353100,5150819507353269,5150819507369511,5150819507369674,5150819507385971,5150819507386082,5150819507402376,5150819507418673
5150819507418787,5150819507435077,5150819507435247,5150819507451487,5150819507467780,5150819507467950,5150819507484188,5150819507484353,5150819507500644,5150819507500758,5150819507517056,5150819507533354,5150819507533467,5150819507549759,5150819850516065,5150819850516175,5150819850532468,5150819850548766,5150819850548873,5150819850565170,5150819850565340,5150819850581579,5150819850597922,5150819850598092,5150819850614327,5150819850614496,5150819850630794,5150819850630905,5150819850647149,5150819850663496,5150819850663607,5150819850679900,5150819850696198,5150819850696305,5150819850712602,5150819850712772,5150819850729011,5150819850729177,5150819850745474,5150819850745585,5150819850761879,5150819850778176,5150819850778290,5150819850794581,5150819850794751,5150819850810992,5150819850827283,5150820203443766,5150820203443879,5150820203460170
5150820203460340,5150820203476581,5150820203492872,5150820203493042,5150820203509333,5150820203509446,5150820203525744,5150820203542036,5150820203542149,5150820203558447,5150820203558617,5150820203574967,5150820203591201,5150820203591370,5150820203607612,5150820203607775,5150820203624073,5150820203624186,5150820203640477,5150820203656775,5150820203656938,5150820203673180,5150820203689477,5150820203689640,5150820203705882,5150820203706052,5150820203722349,5150820203722463,5150820203738754,5150820203755051,5150820554716693,5150820554716856,5150820554733154,5150820554733268,5150820554749559,5150820554765857,5150820554766027,5150820554782262,5150820554782431,5150820554798723,5150820554798836,5150820554815133,5150820554831424,5150820554831537,5150820554847835,5150820554847998,5150820554864239,5150820554880537,5150820554880701,5150820554896942
5150820554897111,5150820554913409,5150820554913520,5150820554929864,5150820554946161,5150820554946275,5150820554962566,5150820554978864,5150820554978977,5150820554995268,5150820554995438,5150820555011679,5150820555027970,5150820901238308,5150820901238471,5150820901254712,5150820901254883,5150820901271181,5150820901271288,5150820901287585,5150820901303883,5150820901303988,5150820901320286,5150820901336585,5150820901336692,5150820901352990,5150820901353159,5150820901369398,5150820901369563,5150820901385855,5150820901385968,5150820901402264,5150820901418555,5150820901418668,5150820901434966,5150820901435079,5150820901451370,5150820901467667,5150820901467781,5150820901467894,5150820901484191,5150820901500430,5150820901500645,5150820901516893,5150820901517000,5150820901533297,5150820901549588,5150820901549702,5150821267306151,5150821267322449
5150821267322556,5150821267338853,5150821267355145,5150821267355258,5150821267371555,5150821267371718,5150821267387959,5150821267388129,5150821267404370,5150821267404532,5150821267420829,5150821267437071,5150821267437234,5150821267453531,5150821267453642,5150821267469936,5150821267486233,5150821267486344,5150821267502637,5150821267502801,5150821267519042,5150821267519211,5150821267535502,5150821267535615,5150821267551913,5150821267568154,5150821267568317,5150821267584614,5150821267584721,5150821267601018,5150821267617309,5150821607159302,5150821607159471,5150821607175712,5150821607175875,5150821607192173,5150821607192286,5150821607208526,5150821607208696,5150821607224935,5150821607241228,5150821607241392,5150821607257633,5150821607257802,5150821607274093,5150821607274206,5150821607290504,5150821607290616,5150821607306907,5150821607323205
5150821607323318,5150821607339609,5150821607355907,5150821607356020,5150821607372311,5150821607372480,5150821607388722,5150821607388885,5150821607405182,5150821607405293,5150821607421586,5150821607437877,5150821607437990,5150821607454288,5150821607454400,5150821607470691,5150821955155588,5150821955155695,5150821955171992,5150821955188233,5150821955188396,5150821955204693,5150821955204806,5150821955221098,5150821955237395,5150821955237503,5150821955253799,5150821955253913,5150821955270204,5150821955270373,5150821955286613,5150821955286778,5150821955303075,5150821955319310,5150821955319480,5150821955335771,5150821955335884,5150821955352181,5150821955352294,5150821955368585,5150821955384883,5150821955384996,5150821955401288,5150821955401458,5150821955417699,5150821955433990,5150821955434159,5150821955450394,5150821955450563,5150821955466804
5150822311769679,5150822311769849,5150822311786090,5150822311802381,5150822311802551,5150822311818791,5150822311818955,5150822311835252,5150822311835363,5150822311851657,5150822311867954,5150822311868061,5150822311884358,5150822311884521,5150822311900812,5150822311917110,5150822311917223,5150822311933514,5150822311933684,5150822311949925,5150822311966216,5150822311966386,5150822311982627,5150822311982790,5150822311999088,5150822311999200,5150822312015493,5150822312031790,5150822312031901,5150822312048194,5150822312048358,5150822312064599,5150822312080896,5150822312081009,5150822659847820,5150822659864118,5150822659864231,5150822659880522,5150822659880691,5150822659896930,5150822659913224,5150822659913393,5150822659929628,5150822659929798,5150822659946039,5150822659946202,5150822659962500,5150822659978791,5150822659978904,5150822659995202
5150822659995365,5150822660011606,5150822660027904,5150822660028017,5150822660044358,5150822660044528,5150822660060769,5150822660077060,5150822660077230,5150822660093471,5150822660093584,5150822660109882,5150822660109995,5150822660126336,5150822660142634,5150822660142797,5150822660159038,5150823011350112,5150823011350225,5150823011366516,5150823011382814,5150823011382927,5150823011399218,5150823011399388,5150823011415626,5150823011415792,5150823011432089,5150823011448328,5150823011448493,5150823011464741,5150823011464902,5150823011481145,5150823011497493,5150823011497550,5150823011497719,5150823011514017,5150823011530306,5150823011530422,5150823011546769,5150823011546830,5150823011563123,5150823011579414,5150823011579577,5150823011595875,5150823011595988,5150823011612279,5150823011628576,5150823011628639,5150823011644931,5150823011645100
5150823011661392,5150823365932601,5150823365932770,5150823365949059,5150823365949175,5150823365965472,5150823365981711,5150823365981876,5150823365998168,5150823365998331,5150823366014628,5150823366030876,5150823366031039,5150823366047281,5150823366047450,5150823366063742,5150823366063855,5150823366080152,5150823366096391,5150823366096557,5150823366112904,5150823366112968,5150823366129309,5150823366145606,5150823366145720,5150823366161961,5150823366162130,5150823366178371,5150823366178535,5150823366194832,5150823366211121,5150823366211287,5150823366227584,5150823366227695,5150823706310156,5150823706310326,5150823706326568,5150823706326731,5150823706343028,5150823706343139,5150823706359432,5150823706375730,5150823706375837,5150823706392134,5150823706392298,5150823706408539,5150823706424836,5150823706425000,5150823706441241,5150823706441410
5150823706457701,5150823706457814,5150823706474112,5150823706474225,5150823706490516,5150823706506813,5150823706506924,5150823706523217,5150823706523348,5150823706539626,5150823706539741,5150823706556040,5150823706572323,5150823706572443,5150823706588684,5150823706588847,5150823706605145,5150823706605257,5150823706621548,5150824055961230,5150824055961341,5150824055977635,5150824055993982,5150824055994093,5150824056010386,5150824056026684,5150824056026791,5150824056043088,5150824056043201,5150824056059492,5150824056075790,5150824056075903,5150824056092194,5150824056092363,5150824056108597,5150824056108767,5150824056125008,5150824056125171,5150824056141469,5150824056157707,5150824056157872,5150824056174170,5150824056174281,5150824056190574,5150824056206872,5150824056206979,5150824056223276,5150824056223389,5150824056239680,5150824056239850
5150824056256091,5150824056256254,5150824402318880,5150824402318993,5150824402335284,5150824402335447,5150824402351638,5150824402351807,5150824402368155,5150824402368212,5150824402384559,5150824402400801,5150824402400913,5150824402417261,5150824402417324,5150824402433615,5150824402449963,5150824402450026,5150824402466367,5150824402466537,5150824402482778,5150824402482941,5150824402499238,5150824402499302,5150824402515643,5150824402531941,5150824402532004,5150824402548295,5150824402548464,5150824402564753,5150824402580997,5150824402581166,5150824402597455,5150824402597620,5150824402613868,5150824402613979,5150824402630272,5150824745400020,5150824745416255,5150824745416374,5150824745432615,5150824745432777,5150824745449018,5150824745465359,5150824745465529,5150824745465592,5150824745481883,5150824745498230,5150824745498337,5150824745514634
5150824745530925,5150824745530989,5150824745547336,5150824745547449,5150824745563690,5150824745563860,5150824745580151,5150824745596443,5150824745596613,5150824745612910,5150824745613021,5150824745629314,5150824745645612,5150824745645719,5150824745662017,5150824745662180,5150824745678422,5150824745678591,5150824745694881,5150824745711123,5150825105126964,5150825105127128,5150825105143370,5150825105143539,5150825105159837,5150825105176072,5150825105176241,5150825105192539,5150825105192650,5150825105208943,5150825105225241,5150825105225352,5150825105241647,5150825105241816,5150825105258055,5150825105258220,5150825105274512,5150825105290752,5150825105290922,5150825105307163,5150825105307326,5150825105323624,5150825105323737,5150825105340028,5150825105356325,5150825105356439,5150825105372730,5150825105372899,5150825105389138,5150825105389304
5150825105405601,5150825105421840,5150825105422005,5150825105438297,5150825449846337,5150825449846507,5150825449862748,5150825449862911,5150825449879209,5150825449895450,5150825449895613,5150825449911910,5150825449912024,5150825449928315,5150825449944662,5150825449944724,5150825449961066,5150825449977364,5150825449977475,5150825449993768,5150825449993938,5150825450010177,5150825450010343,5150825450026640,5150825450042882,5150825450043046,5150825450059343,5150825450059449,5150825450075746,5150825450092038,5150825450092152,5150825450108449,5150825450108619,5150825450124854,5150825450125023,5150825450141321,5150825450141428,5150825797842453,5150825797842617,5150825797858858,5150825797859027,5150825797875320,5150825797875433,5150825797891730,5150825797908021,5150825797908134,5150825797924432,5150825797924595,5150825797940886,5150825797957184
5150825797957347,5150825797973589,5150825797973759,5150825797990050,5150825798006295,5150825798006461,5150825798022760,5150825798022873,5150825798039164,5150825798055462,5150825798055575,5150825798071866,5150825798072036,5150825798088277,5150825798088440,5150825798104738,5150825798120979,5150825798121142,5150825798137441,5150825798137554,5150825798153844,5150826149115543,5150826149131834,5150826149131948,5150826149148245,5150826149148408,5150826149164649,5150826149180947,5150826149181110,5150826149197352,5150826149197521,5150826149213869,5150826149230108,5150826149230274,5150826149246571,5150826149246685,5150826149262976,5150826149279274,5150826149279388,5150826149295678,5150826149295849,5150826149312090,5150826149312253,5150826149328550,5150826149344791,5150826149344955,5150826149361252,5150826149361366,5150826149377657,5150826149393955
5150826149394068,5150826149410359,5150826149410529,5150826149426820,5150826497128045,5150826497144343,5150826497144456,5150826497160747,5150826497160917,5150826497177208,5150826497177321,5150826497193619,5150826497209917,5150826497210029,5150826497226323,5150826497226492,5150826497242731,5150826497259024,5150826497259194,5150826497275433,5150826497275599,5150826497291897,5150826497292010,5150826497308301,5150826497324599,5150826497324712,5150826497341003,5150826497341173,5150826497357464,5150826497373755,5150826497373925,5150826497390166,5150826497390329,5150826497406627,5150826497422868,5150826497423031,5150826497439329,5150826843469386,5150826843469549,5150826843485847,5150826843502088,5150826843502251,5150826843518548,5150826843518659,5150826843534952,5150826843551252,5150826843551357,5150826843567655,5150826843567767,5150826843584059
5150826843584228,5150826843600463,5150826843600632,5150826843616873,5150826843633164,5150826843633334,5150826843649574,5150826843649738,5150826843666029,5150826843666142,5150826843682439,5150826843698730,5150826843698843,5150826843715141,5150826843715251,5150826843731544,5150826843747842,5150826843747949,5150826843764246,5150826843764358,5150826843780650,5150827204589132,5150827204589241,5150827204605535,5150827204621832,5150827204621943,5150827204638237,5150827204638406,5150827204654645,5150827204654812,5150827204671109,5150827204671220,5150827204687513,5150827204703811,5150827204703918,5150827204720215,5150827204720379,5150827204736620,5150827204752917,5150827204753030,5150827204769321,5150827204769490,5150827204785725,5150827204785894,5150827204802135,5150827204802298,5150827204818596,5150827204834837,5150827204835000,5150827204851297
5150827204851404,5150827204867701,5150827204883992,5150827204884106,5150827204900403,5150827549488718,5150827549488831,5150827549505129,5150827549505239,5150827549521533,5150827549537830,5150827549537937,5150827549554234,5150827549554397,5150827549570638,5150827549570808,5150827549587049,5150827549603340,5150827549603509,5150827549619744,5150827549619913,5150827549636205,5150827549636318,5150827549652615,5150827549668907,5150827549669020,5150827549685317,5150827549685480,5150827549701721,5150827549718019,5150827549718131,5150827549734423,5150827549734586,5150827549750827,5150827549750996,5150827549767237,5150827549767400,5150827549783697,5150827549799938,5150827900941854,5150827900942023,5150827900958259,5150827900958428,5150827900974726,5150827900974839,5150827900991130,5150827901007428,5150827901007541,5150827901023832,5150827901040130
5150827901040243,5150827901056534,5150827901056703,5150827901072944,5150827901073107,5150827901089405,5150827901089519,5150827901105810,5150827901122108,5150827901122221,5150827901138512,5150827901138682,5150827901154922,5150827901171214,5150827901171383,5150827901187624,5150827901187788,5150827901204085,5150827901204191,5150827901220488,5150827901236787,5150827901236894,5150827901253191,5150828257146466,5150828257146579,5150828257162877,5150828257179168,5150828257179282,5150828257195579,5150828257195749,5150828257211984,5150828257212153,5150828257228394,5150828257244685,5150828257244855,5150828257261096,5150828257261259,5150828257277557,5150828257293848,5150828257293961,5150828257310259,5150828257310422,5150828257326663,5150828257326832,5150828257343066,5150828257359364,5150828257359477,5150828257375768,5150828257375937,5150828257392179
5150828257392342,5150828257408639,5150828257408752,5150828257425044,5150828257441341,5150828257441454,5150828257457746,5150828608419443,5150828608419557,5150828608435848,5150828608452145,5150828608452252,5150828608468549,5150828608468719,5150828608484954,5150828608501252,5150828608501365,5150828608517656,5150828608517826,5150828608534066,5150828608534229,5150828608550527,5150828608550638,5150828608566931,5150828608583229,5150828608583336,5150828608599632,5150828608599802,5150828608616037,5150828608632334,5150828608632505,5150828608648747,5150828608648910,5150828608665207,5150828608665314,5150828608681662,5150828608697960,5150828608698070,5150828608714363,5150828608730661,5150828953138700,5150828953138866,5150828953155163,5150828953155276,5150828953171568,5150828953187866,5150828953187979,5150828953204270,5150828953204440,5150828953220688
5150828953220844,5150828953237142,5150828953253384,5150828953253547,5150828953269844,5150828953269956,5150828953286248,5150828953302545,5150828953302652,5150828953318949,5150828953319112,5150828953335353,5150828953335523,5150828953351816,5150828953351929,5150828953368225,5150828953384517,5150828953384630,5150828953400927,5150828953417218,5150828953417331,5150828953433629,5150828953433792,5150828953450033,5150829312620115,5150829312620228,5150829312636519,5150829312652818,5150829312653040,5150829312669331,5150829312685572,5150829312685742,5150829312702033,5150829312702146,5150829312718444,5150829312734736,5150829312734849,5150829312751146,5150829312751316,5150829312767551,5150829312767720,5150829312784011,5150829312784124,5150829312800422,5150829312816663,5150829312816826,5150829312833124,5150829312833187,5150829312849478,5150829312865826
5150829312865889,5150829312882180,5150829312882350,5150829312898591,5150829312898754,5150829312915052,5150829312915165,5150829312931456,5150829669021346,5150829669037587,5150829669037750,5150829669054048,5150829669070389,5150829669070502,5150829669086800,5150829669086863,5150829669103204,5150829669103324,5150829669119665,5150829669135906,5150829669136076,5150829669152317,5150829669152480,5150829669168728,5150829669168841,5150829669185182,5150829669201480,5150829669201593,5150829669217886,5150829669234182,5150829669234345,5150829669234409,5150829669250706,5150829669266947,5150829669267110,5150829669283408,5150829669283571,5150829669299812,5150829669316110,5150829669316273,5150829669332564,5150830028502596,5150830028518937,5150830028519000,5150830028535348,5150830028535461,5150830028551703,5150830028551922,5150830028568220,5150830028568281
5150830028584574,5150830028600872,5150830028600983,5150830028617276,5150830028617446,5150830028633685,5150830028633850,5150830028650148,5150830028666383,5150830028666552,5150830028682850,5150830028682957,5150830028699254,5150830028715546,5150830028715658,5150830028731955,5150830028732119,5150830028748360,5150830028748529,5150830028764827,5150830028781066,5150830028781232,5150830028797529,5150830028797636,5150830028813933,5150830376711816,5150830376711930,5150830376728227,5150830376744519,5150830376744632,5150830376760929,5150830376777221,5150830376777333,5150830376793631,5150830376793795,5150830376810036,5150830376810205,5150830376826497,5150830376826609,5150830376842906,5150830376859204,5150830376859311,5150830376875608,5150830376875771,5150830376892012,5150830376908310,5150830376908473,5150830376924714,5150830376924884,5150830376941125
5150830376941288,5150830376957575,5150830376973827,5150830376973940,5150830376990238,5150830376990351,5150830377006642,5150830377006812,5150830377023053,5150830713419368,5150830713435666,5150830713435779,5150830713452070,5150830713452240,5150830713468538,5150830713468649,5150830713484943,5150830713501234,5150830713501351,5150830713517645,5150830713517814,5150830713534053,5150830713550346,5150830713550567,5150830713566808,5150830713566921,5150830713583218,5150830713583329,5150830713599622,5150830713615920,5150830713616027,5150830713632324,5150830713632487,5150830713648729,5150830713665026,5150830713665189,5150830713681430,5150830713681600,5150830713697841,5150830713698004,5150830713714302,5150830713714413,5150831077815818,5150831077815987,5150831077832222,5150831077832391,5150831077848683,5150831077848794,5150831077865092,5150831077865205
5150831077881496,5150831077897794,5150831077897907,5150831077914198,5150831077930496,5150831077930609,5150831077946900,5150831077947070,5150831077963311,5150831077963474,5150831077979771,5150831077979884,5150831077996175,5150831078012473,5150831078012580,5150831078028877,5150831078028990,5150831078045281,5150831078061579,5150831078061692,5150831078077983,5150831078078153,5150831078094394,5150831078094557,5150831078110855,5150831078127146,5150831416194579,5150831416194749,5150831416211040,5150831416211153,5150831416227451,5150831416227564,5150831416243855,5150831416260153,5150831416260266,5150831416276557,5150831416276727,5150831416292968,5150831416309258,5150831416309427,5150831416325666,5150831416325832,5150831416342129,5150831416342240,5150831416358533,5150831416374825,5150831416374938,5150831416391235,5150831416391399,5150831416407640
5150831416423937,5150831416424050,5150831416440341,5150831416440511,5150831416456752,5150831416456915,5150831416473213,5150831416473326,5150831416489617,5150831416505915,5150831757833764,5150831757833877,5150831757850225,5150831757850331,5150831757866578,5150831757866741,5150831757883033,5150831757899280,5150831757899393,5150831757915684,5150831757932032,5150831757932142,5150831757932257,5150831757948555,5150831757948661,5150831757965009,5150831757981307,5150831757981414,5150831757997712,5150831758014009,5150831758014120,5150831758030414,5150831758030577,5150831758046818,5150831758063115,5150831758063279,5150831758079520,5150831758079690,5150831758095930,5150831758096093,5150831758112392,5150831758112504,5150831758128795,5150831758145092,5150832112399911,5150832112400080,5150832112416371,5150832112416485,5150832112432782,5150832112449073
5150832112449186,5150832112465484,5150832112465597,5150832112481889,5150832112498187,5150832112498299,5150832112514590,5150832112514760,5150832112531001,5150832112531164,5150832112547463,5150832112547576,5150832112563867,5150832112580165,5150832112580278,5150832112596569,5150832112612867,5150832112612980,5150832112629271,5150832112629441,5150832112645732,5150832112645845,5150832112662143,5150832112662256,5150832112678547,5150832112694845,5150832112694958,5150832112711249,5150832460396146,5150832460396257,5150832460412551,5150832460428842,5150832460428955,5150832460445252,5150832460445415,5150832460461656,5150832460477954,5150832460478067,5150832460494358,5150832460494528,5150832460510769,5150832460510932,5150832460527230,5150832460527343,5150832460543634,5150832460559932,5150832460560045,5150832460576336,5150832460576506,5150832460592744
5150832460609037,5150832460609201,5150832460625442,5150832460625611,5150832460641909,5150832460642015,5150832460658314,5150832460658428,5150832460674718,5150832460691016,5150832460691129,5150832460707420,5150832803657341,5150832803657448,5150832803673745,5150832803690044,5150832803690199,5150832803706447,5150832803706553,5150832803722850,5150832803722963,5150832803739254,5150832803755551,5150832803755658,5150832803771955,5150832803772118,5150832803788359,5150832803788529,5150832803804770,5150832803821061,5150832803821231,5150832803837469,5150832803837634,5150832803853931,5150832803854038,5150832803870335,5150832803886626,5150832803886739,5150832803903037,5150832803903150,5150832803919441,5150832803919611,5150832803935852,5150832803952142,5150832803952312,5150832803968555,5150833160173126,5150833160173295,5150833160189534,5150833160205827
5150833160205997,5150833160222232,5150833160222401,5150833160238693,5150833160238805,5150833160255102,5150833160255215,5150833160271506,5150833160287804,5150833160287914,5150833160304208,5150833160304371,5150833160320612,5150833160336909,5150833160337022,5150833160353313,5150833160353483,5150833160369721,5150833160369886,5150833160386177,5150833160386290,5150833160402588,5150833160418829,5150833160418992,5150833160435289,5150833160435396,5150833160451693,5150833160451806,5150833160468097,5150833160484394,5150833505105421,5150833505105590,5150833505121831,5150833505121994,5150833505138291,5150833505138402,5150833505154695,5150833505154808,5150833505171099,5150833505187397,5150833505187510,5150833505203801,5150833505220099,5150833505220212,5150833505236503,5150833505236672,5150833505252914,5150833505253077,5150833505269374,5150833505269481
5150833505285778,5150833505302069,5150833505302182,5150833505318480,5150833505318593,5150833505334884,5150833505351182,5150833505351293,5150833505367585,5150833505367754,5150833505383993,5150833505384158,5150833505400458,5150833505400563,5150833854739988,5150833854740151,5150833854756393,5150833854756564,5150833854772861,5150833854772968,5150833854789264,5150833854805555,5150833854805668,5150833854821966,5150833854822078,5150833854838369,5150833854854667,5150833854854778,5150833854871071,5150833854871241,5150833854887430,5150833854887596,5150833854903893,5150833854904004,5150833854920298,5150833854936595,5150833854936706,5150833854952999,5150833854953162,5150833854969404,5150833854969573,5150833854985864,5150833854985977,5150833855002275,5150833855018514,5150833855018627,5150833855034925,5150833855035037,5150833855051329,5150834207667810
5150834207667917,5150834207684213,5150834207684326,5150834207700617,5150834207716914,5150834207717021,5150834207733318,5150834207733481,5150834207749722,5150834207766020,5150834207766132,5150834207782423,5150834207782592,5150834207798827,5150834207798996,5150834207815287,5150834207815400,5150834207831698,5150834207831761,5150834207848052,5150834207864350,5150834207864463,5150834207880754,5150834207880924,5150834207897165,5150834207897328,5150834207913626,5150834207929867,5150834207930030,5150834207946328,5150834207946441,5150834207962732,5150834207979029,5150834207979142,5150834560579233,5150834560595531,5150834560595641,5150834560611934,5150834560628232,5150834560628343,5150834560644636,5150834560644806,5150834560661047,5150834560661211,5150834560677508,5150834560677619,5150834560693912,5150834560710204,5150834560710316,5150834560726613
5150834560726776,5150834560743017,5150834560759315,5150834560759375,5150834560759540,5150834560775832,5150834560792073,5150834560792242,5150834560808483,5150834560808651,5150834560824944,5150834560841235,5150834560841356,5150834560857646,5150834560857816,5150834560874057,5150834560874220,5150834913523213,5150834913523326,5150834913539618,5150834913539788,5150834913556029,5150834913556192,5150834913572490,5150834913572603,5150834913588894,5150834913605191,5150834913605302,5150834913621596,5150834913637893,5150834913638006,5150834913654298,5150834913654467,5150834913670709,5150834913670872,5150834913687169,5150834913687280,5150834913703573,5150834913719871,5150834913719985,5150834913736276,5150834913736445,5150834913752687,5150834913768978,5150834913769148,5150834913785389,5150834913785552,5150834913801850,5150834913801963,5150834913818254
5150834913834552,5150835253458515,5150835253458628,5150835253474926,5150835253491217,5150835253491330,5150835253507628,5150835253507798,5150835253524038,5150835253524203,5150835253540500,5150835253540607,5150835253556904,5150835253573195,5150835253573308,5150835253589606,5150835253589719,5150835253606010,5150835253622308,5150835253622421,5150835253638712,5150835253638882,5150835253655120,5150835253655286,5150835253671583,5150835253687824,5150835253687988,5150835253704286,5150835253704398,5150835253720690,5150835253736988,5150835253737101,5150835253753392,5150835253753562,5150835253769803,5150835600012902,5150835600029201,5150835600029314,5150835600045605,5150835600045775,5150835600062066,5150835600062180,5150835600078476,5150835600094767,5150835600094880,5150835600111178,5150835600111291,5150835600127582,5150835600143880,5150835600144043
5150835600160284,5150835600160454,5150835600176745,5150835600176858,5150835600193156,5150835600209455,5150835600209568,5150835600225859,5150835600226029,5150835600242270,5150835600258561,5150835600258731,5150835600274972,5150835600275135,5150835600291433,5150835600291546,5150835600307837,5150835600324135,5150835949647376,5150835949647540,5150835949663838,5150835949663951,5150835949680242,5150835949696539,5150835949696645,5150835949712942,5150835949713112,5150835949729351,5150835949729516,5150835949745808,5150835949762053,5150835949762218,5150835949778510,5150835949778623,5150835949794920,5150835949795036,5150835949811324,5150835949827622,5150835949827785,5150835949844027,5150835949844196,5150835949860487,5150835949860601,5150835949876898,5150835949893189,5150835949893303,5150835949909600,5150835949925898,5150835949926010,5150835949942304
5150835949942472,5150835949958765,5150836297627222,5150836297643520,5150836297643683,5150836297659974,5150836297660144,5150836297676385,5150836297692676,5150836297692846,5150836297709087,5150836297709250,5150836297725548,5150836297725661,5150836297741952,5150836297758249,5150836297758363,5150836297774654,5150836297774824,5150836297791065,5150836297791228,5150836297807526,5150836297823767,5150836297823931,5150836297840229,5150836297840342,5150836297856633,5150836297872931,5150836297873044,5150836297889335,5150836297889505,5150836297905746,5150836297905909,5150836297922207,5150836297938448,5150836647425570,5150836647425739,5150836647441980,5150836647442144,5150836647458441,5150836647458552,5150836647474845,5150836647491143,5150836647491254,5150836647507548,5150836647523845,5150836647523958,5150836647540250,5150836647540471,5150836647556771
5150836647573008,5150836647573174,5150836647589471,5150836647589585,5150836647605875,5150836647622166,5150836647622280,5150836647638577,5150836647638691,5150836647654982,5150836647655151,5150836647671390,5150836647687683,5150836647687846,5150836647704087,5150836647704257,5150836647720498,5150836647720661,5150836647736958,5150837005317738,5150837005334035,5150837005334198,5150837005350439,5150837005350609,5150837005366900,5150837005367013,5150837005383311,5150837005399552,5150837005399715,5150837005416013,5150837005416123,5150837005432416,5150837005448714,5150837005448825,5150837005465118,5150837005465288,5150837005481522,5150837005481692,5150837005497983,5150837005498096,5150837005514394,5150837005530635,5150837005530798,5150837005547096,5150837005547209,5150837005563500,5150837005579798,5150837005579911,5150837005596201,5150837005596371
5150837005612612,5150837005612776,5150837351675402,5150837351675542,5150837351691806,5150837351691976,5150837351708217,5150837351708380,5150837351724678,5150837351724791,5150837351741082,5150837351757380,5150837351757493,5150837351773784,5150837351790082,5150837351790195,5150837351806486,5150837351806655,5150837351822897,5150837351823060,5150837351839357,5150837351839471,5150837351855762,5150837351872060,5150837351872173,5150837351888464,5150837351888633,5150837351904875,5150837351921166,5150837351921335,5150837351937569,5150837351937739,5150837351953980,5150837351954143,5150837351970441,5150837351970552,5150837699786260,5150837699786423,5150837699802665,5150837699802834,5150837699819125,5150837699819238,5150837699835536,5150837699835605,5150837699851837,5150837699851954,5150837699852013,5150837699868254,5150837699868365,5150837699884555