timeStamp,elapsed,label,responseCode,responseMessage,threadName,dataType,success,failureMessage,bytes,sentBytes,grpThreads,allThreads,URL,Latency,IdleTime,Connect
1725297124999,1547,adminLogin,200,OK,setUp Thread Group 1-1,text,true,,113893,802,1,1,http://172.16.37.224/api/auth/token,1485,0,7
1725297126554,1138,lobbyAdminLogin,200,OK,setUp Thread Group 1-1,text,true,,119982,808,1,1,http://172.16.37.224/api/auth/token,1107,0,0
1725297128207,1453,Login-Admin-/api/auth/token,200,OK,VIMGroupOperationsAuto 1-1,text,true,,113892,859,1,1,http://172.16.37.224/api/auth/token,1406,0,58
1725297129780,142,VIMGroupOperationsAuto/api/getnewids,200,OK,VIMGroupOperationsAuto 1-1,text,true,,742,1081,1,1,http://172.16.37.224/api/getnewids,142,0,0
1725297131790,55,JSR223 Sampler,200,OK,VIMGroupOperationsAuto 1-1,text,true,,0,0,1,1,null,0,0,0
1725297132821,743,VIMGroupOperationsAutoGroupVisitCreation10,200,OK,VIMGroupOperationsAuto 1-1,text,true,,1340,3090,1,1,http://172.16.37.224/api/tpmadmin/visit/save,743,0,0
1725297135191,1558,VIMGroupOperationsAutoMassCheckIn10,200,OK,VIMGroupOperationsAuto 1-1,text,true,,835,2809,1,1,http://172.16.37.224/api/tpm/visitorsvisits/save,1558,0,0
