timeStamp,elapsed,label,responseCode,responseMessage,threadName,dataType,success,failureMessage,bytes,sentBytes,grpThreads,allThreads,URL,Latency,IdleTime,Connect
1716885383043,2018,adminLogin,200,OK,setUp Thread Group 1-1,text,true,,122998,801,1,1,http://172.16.16.69/api/auth/token,1515,0,2
1716885385137,1534,lobbyAdminLogin,200,OK,setUp Thread Group 1-1,text,true,,134504,807,1,1,http://172.16.16.69/api/auth/token,1058,0,0
1716885388835,1594,Login-Admin-/api/auth/token,200,OK,VIMGroupOperations 1-1,text,true,,134488,864,1,1,http://172.16.16.69/api/auth/token,993,0,3
1716885390740,19,VIMGroupOperations/api/getnewids,200,OK,VIMGroupOperations 1-1,text,true,,738,1213,1,1,http://172.16.16.69/api/getnewids,19,0,0
1716885392005,628,VIMGroupOperationsGroupVisitCreation,200,OK,VIMGroupOperations 1-1,text,true,,1298,3199,1,1,http://172.16.16.69/api/tpmadmin/visit/save,628,0,0
